name,url,phone
個室居酒屋 千福 荻窪店,https://tabelog.com/tokyo/A1319/A131906/13205850/,050-5593-5621
がブリチキン。 高円寺店,https://tabelog.com/tokyo/A1319/A131904/13165118/,050-5890-6345
イタリアンダイニングDONA 高円寺店,https://tabelog.com/tokyo/A1319/A131904/13052543/,050-5590-5781
OUTDOOR STYLE KITCHEN 松の木食堂 高円寺店,https://tabelog.com/tokyo/A1319/A131904/13111496/,050-5869-6059
原価酒場 かたりば,https://tabelog.com/tokyo/A1319/A131906/13202327/,050-5593-7368
貝せん,https://tabelog.com/tokyo/A1319/A131904/13191955/,050-5590-9899
名古屋味噌　どて子,https://tabelog.com/tokyo/A1319/A131904/13199074/,050-5592-5321
馬来,https://tabelog.com/tokyo/A1319/A131906/13034674/,050-5869-2642
音飯,https://tabelog.com/tokyo/A1319/A131904/13060900/,050-5571-7704
沖縄料理 魚人,https://tabelog.com/tokyo/A1319/A131906/13205599/,050-5593-6760
かしこまり 荻窪店,https://tabelog.com/tokyo/A1319/A131906/13035518/,050-5872-5453
もつ吉 分店,https://tabelog.com/tokyo/A1319/A131906/13186689/,050-5589-7817
ノースシップ ばる,https://tabelog.com/tokyo/A1319/A131906/13115985/,050-5593-4169
ラ・プルミエプゥッス,https://tabelog.com/tokyo/A1319/A131907/13148451/,050-5592-9362
CURE 八幡山店,https://tabelog.com/tokyo/A1318/A131809/13189780/,050-5590-1855
なごやもん 方南町店,https://tabelog.com/tokyo/A1319/A131903/13200125/,050-5592-9434
魚貝 ののぶ,https://tabelog.com/tokyo/A1319/A131904/13194126/,050-5593-5365
101アンゼロアン,https://tabelog.com/tokyo/A1319/A131905/13147108/,050-5593-7101
レストラン ボンジョリーナ 高円寺,https://tabelog.com/tokyo/A1319/A131904/13118758/,050-5872-8435
えん屋 新高円寺店,https://tabelog.com/tokyo/A1319/A131904/13035539/,050-5872-5455
旨い道,https://tabelog.com/tokyo/A1319/A131907/13148928/,050-5593-0680
日本酒好房,https://tabelog.com/tokyo/A1319/A131904/13198642/,050-5593-3719
ドン・ツッキ,https://tabelog.com/tokyo/A1319/A131905/13099824/,050-5589-7230
酒肴そば 紅い花,https://tabelog.com/tokyo/A1319/A131904/13202537/,050-5592-9539
Ｂistro Sentiment,https://tabelog.com/tokyo/A1319/A131905/13203630/,050-5593-3747
もつ吉 西荻窪店,https://tabelog.com/tokyo/A1319/A131907/13198160/,050-5592-4483
炭火焼肉 肉バル 荻窪,https://tabelog.com/tokyo/A1319/A131906/13187411/,050-5592-9394
えんがわ 荻窪店,https://tabelog.com/tokyo/A1319/A131906/13199834/,050-5592-7978
ZERO,https://tabelog.com/tokyo/A1319/A131906/13090424/,03-6794-8000
キフルーツ トーキョー,https://tabelog.com/tokyo/A1319/A131904/13201145/,050-5592-8027
ブルック マークス,https://tabelog.com/tokyo/A1319/A131906/13128510/,050-5593-6600
TAMARIBA,https://tabelog.com/tokyo/A1319/A131904/13202303/,050-5592-9499
ふる林,https://tabelog.com/tokyo/A1319/A131907/13035031/,050-5869-3724
ロータス&フラワーズ ワン,https://tabelog.com/tokyo/A1319/A131904/13069790/,050-5890-5838
88 CAFE & BAR,https://tabelog.com/tokyo/A1319/A131904/13123710/,050-5593-6599
鮮魚バル NAGOMIYA,https://tabelog.com/tokyo/A1319/A131905/13171353/,050-5590-0542
節骨麺たいぞう 東高円寺店,https://tabelog.com/tokyo/A1319/A131904/13203639/,050-5593-7372
ビストロキッチン ルポン,https://tabelog.com/tokyo/A1319/A131907/13195861/,050-5593-4874
福は家,https://tabelog.com/tokyo/A1319/A131904/13037638/,050-5872-7975
大衆酒場 肉番長,https://tabelog.com/tokyo/A1319/A131906/13183071/,050-5593-7334
神鶏 荻窪店,https://tabelog.com/tokyo/A1319/A131906/13165943/,050-5570-3142
ラ メゾン クルティーヌ,https://tabelog.com/tokyo/A1319/A131905/13131845/,050-5592-6480
四季の家 荻窪店,https://tabelog.com/tokyo/A1319/A131906/13029891/,050-5593-4091
江戸前 びっくり寿司 永福町店,https://tabelog.com/tokyo/A1318/A131805/13021062/,050-5590-1710
Harmonie,https://tabelog.com/tokyo/A1319/A131906/13182241/,050-5593-6603
炭火台所 鶏丸,https://tabelog.com/tokyo/A1319/A131905/13023039/,050-5593-0950
欧風創作料理 加味丘Dining,https://tabelog.com/tokyo/A1319/A131903/13098587/,03-6304-9325
ロングラオ 百匹の象,https://tabelog.com/tokyo/A1319/A131904/13203913/,050-5593-3752
T26,https://tabelog.com/tokyo/A1319/A131904/13169582/,050-5570-3494
韓国食堂 ジョッパルゲ,https://tabelog.com/tokyo/A1319/A131906/13006697/,050-5869-4683
串善 永福町店,https://tabelog.com/tokyo/A1318/A131805/13058316/,050-5570-2022
SITA,https://tabelog.com/tokyo/A1319/A131906/13202885/,050-5593-1096
大阪直伝 荻窪 匠,https://tabelog.com/tokyo/A1319/A131906/13035063/,050-5570-7005
ドッグベリー,https://tabelog.com/tokyo/A1319/A131904/13000730/,050-5890-1900
TOMBO,https://tabelog.com/tokyo/A1319/A131904/13135463/,050-5868-9667
からあげとビール,https://tabelog.com/tokyo/A1319/A131904/13196988/,050-5592-5264
シタル 西荻窪店,https://tabelog.com/tokyo/A1319/A131907/13086481/,050-5570-4309
CAFE&KITCHEN CULTiCO,https://tabelog.com/tokyo/A1319/A131906/13193595/,050-5590-8515
ホエール,https://tabelog.com/tokyo/A1319/A131904/13161462/,050-5571-3255
北の国バル 高円寺店,https://tabelog.com/tokyo/A1319/A131904/13198463/,050-5592-4876
Lamp,https://tabelog.com/tokyo/A1319/A131904/13196653/,050-5592-2309
関根精肉店 高円寺店,https://tabelog.com/tokyo/A1319/A131904/13045502/,050-5868-7544
entotsu Bistro&Cafe,https://tabelog.com/tokyo/A1318/A131809/13096455/,050-5592-4596
串かつ でんがな 高円寺店,https://tabelog.com/tokyo/A1319/A131904/13191250/,050-5590-4306
THE DAY FOOD LAB,https://tabelog.com/tokyo/A1319/A131904/13196288/,050-5592-1530
昌楽,https://tabelog.com/tokyo/A1319/A131905/13180728/,050-5571-8876
Wilco,https://tabelog.com/tokyo/A1319/A131905/13191392/,050-5590-4172
大阪焼肉・ホルモンふたご 荻窪店,https://tabelog.com/tokyo/A1319/A131906/13196438/,050-5592-7956
まあさんどう,https://tabelog.com/tokyo/A1319/A131907/13164896/,050-5890-2061
魚こう鮨 西荻窪店,https://tabelog.com/tokyo/A1319/A131907/13175985/,050-5589-3533
炭焼きイタリアン酒場　炭リッチ 高円寺店,https://tabelog.com/tokyo/A1319/A131904/13128701/,050-5868-1617
CAFE and BAR poco,https://tabelog.com/tokyo/A1319/A131906/13189803/,050-5592-5779
マッシモッタヴィオ,https://tabelog.com/tokyo/A1318/A131805/13132982/,050-5592-1435
リセットボタン 西荻窪,https://tabelog.com/tokyo/A1319/A131907/13187263/,050-5589-9756
がいや,https://tabelog.com/tokyo/A1319/A131905/13103509/,050-5570-3013
彦や,https://tabelog.com/tokyo/A1318/A131809/13107495/,050-5570-3400
ひだり馬でん助 高円寺店,https://tabelog.com/tokyo/A1319/A131904/13199340/,050-5592-6550
SPOON＋,https://tabelog.com/tokyo/A1319/A131905/13186059/,050-5589-6810
たい助,https://tabelog.com/tokyo/A1319/A131907/13069331/,050-5590-0497
牛タン酒場 SHIRUSHI 高円寺本店,https://tabelog.com/tokyo/A1319/A131904/13186628/,050-5590-1224
くじら,https://tabelog.com/tokyo/A1319/A131904/13149528/,050-5571-4713
チキンレッグ 阿佐ヶ谷店,https://tabelog.com/tokyo/A1319/A131905/13135252/,050-5890-1385
MEAT MARKET,https://tabelog.com/tokyo/A1319/A131904/13181097/,050-5571-7837
ダイニング さんさん,https://tabelog.com/tokyo/A1319/A131907/13060331/,050-5571-2527
ラ コシーナ デル クアトロ,https://tabelog.com/tokyo/A1319/A131904/13119825/,050-5590-4154
串カツ田中 高円寺店,https://tabelog.com/tokyo/A1319/A131904/13178331/,050-5571-7767
とり吉,https://tabelog.com/tokyo/A1319/A131906/13165852/,050-5890-6361
西荻荘,https://tabelog.com/tokyo/A1319/A131907/13084157/,050-5570-2029
串かつ でんがな 荻窪店,https://tabelog.com/tokyo/A1319/A131906/13179914/,050-5571-7476
ブラッスリーボジョレー,https://tabelog.com/tokyo/A1319/A131904/13121042/,050-5869-8692
暁,https://tabelog.com/tokyo/A1319/A131904/13139578/,050-5592-1442
うお吉,https://tabelog.com/tokyo/A1319/A131906/13174571/,050-5570-8089
馬肉バル かち馬,https://tabelog.com/tokyo/A1319/A131906/13199316/,050-5592-5349
かきっこ商店,https://tabelog.com/tokyo/A1319/A131905/13171884/,050-5571-3627
居酒屋 一心,https://tabelog.com/tokyo/A1319/A131907/13187563/,050-5590-1226
九州 みくに,https://tabelog.com/tokyo/A1319/A131904/13182402/,050-5571-9308
神鶏 阿佐ヶ谷店,https://tabelog.com/tokyo/A1319/A131905/13196196/,050-5590-9610
ANTICA LOCANDA,https://tabelog.com/tokyo/A1319/A131904/13132271/,050-5590-3172
鶏ジロー 新高円寺店,https://tabelog.com/tokyo/A1319/A131904/13122658/,050-5570-2053
肉バル RISE 阿佐ヶ谷店,https://tabelog.com/tokyo/A1319/A131905/13196498/,050-5592-2532
浜焼太郎 阿佐ヶ谷店,https://tabelog.com/tokyo/A1319/A131905/13171054/,050-5570-3563
セルフ焼肉専門　焼肉じょんじょん,https://tabelog.com/tokyo/A1319/A131904/13192390/,050-5590-4625
九州みくに 西荻窪店,https://tabelog.com/tokyo/A1319/A131907/13198115/,050-5592-3876
きざみ 荻窪店,https://tabelog.com/tokyo/A1319/A131906/13093799/,050-5868-4556
野方ホープ 荻窪店,https://tabelog.com/tokyo/A1319/A131906/13034767/,03-3392-4324
Yonchome Cafe,https://tabelog.com/tokyo/A1319/A131904/13017412/,050-5592-9317
串カツ 田中 荻窪店,https://tabelog.com/tokyo/A1319/A131906/13146426/,050-5872-4023
広州市場 高円寺店,https://tabelog.com/tokyo/A1319/A131904/13199284/,050-5593-6137
星の浜食堂,https://tabelog.com/tokyo/A1319/A131907/13201690/,03-5941-5281
シバーダイニング,https://tabelog.com/tokyo/A1319/A131905/13207385/,050-5593-7972
焼肉 京苑,https://tabelog.com/tokyo/A1318/A131805/13207874/,03-3322-8929
ビストロ天下井,https://tabelog.com/tokyo/A1319/A131906/13120883/,03-5930-4629
広島お好み焼き・鉄板焼き 倉はし 荻窪店,https://tabelog.com/tokyo/A1319/A131906/13206170/,050-5593-6183
orq．,https://tabelog.com/tokyo/A1319/A131906/13206596/,050-5593-6226
麺昇 神の手,https://tabelog.com/tokyo/A1319/A131904/13207876/,03-5378-7525
とんかつ まい泉 ルミネ荻窪レストラン,https://tabelog.com/tokyo/A1319/A131906/13004240/,050-5593-0940
名古屋味噌 どて子　 西荻窪店,https://tabelog.com/tokyo/A1319/A131907/13205000/,050-5593-4533
しゃぶしゃぶ 温野菜 新高円寺店,https://tabelog.com/tokyo/A1319/A131904/13043120/,050-5872-0364
音楽広場 アポロ,https://tabelog.com/tokyo/A1318/A131808/13193264/,050-5590-7027
浩太郎丸,https://tabelog.com/tokyo/A1319/A131905/13090047/,050-5590-0258
ビストロ　ル・テロワール,https://tabelog.com/tokyo/A1319/A131905/13168412/,050-5570-0728
鳥貴族 高円寺北口店,https://tabelog.com/tokyo/A1319/A131904/13105357/,050-5570-9579
フランス料理  セルジュ&ジェーン,https://tabelog.com/tokyo/A1319/A131907/13189273/,050-5590-3893
浜田山新鮮組,https://tabelog.com/tokyo/A1318/A131805/13061114/,050-5868-9563
馬力 高円寺ガード下店,https://tabelog.com/tokyo/A1319/A131904/13125337/,050-5869-4013
パテ屋,https://tabelog.com/tokyo/A1319/A131904/13157587/,050-5872-9942
焼肉いっぽ,https://tabelog.com/tokyo/A1319/A131904/13099640/,050-5590-8794
酒菜や まつ,https://tabelog.com/tokyo/A1319/A131905/13168535/,050-5571-6498
メリデ,https://tabelog.com/tokyo/A1319/A131906/13113613/,050-5592-2719
Meryl,https://tabelog.com/tokyo/A1319/A131906/13184947/,050-5589-5670
瀬戸海人 阿佐ヶ谷店,https://tabelog.com/tokyo/A1319/A131905/13033490/,050-5592-4594
タイ屋台居酒屋　ダオタイ 阿佐ヶ谷本店,https://tabelog.com/tokyo/A1319/A131905/13042972/,050-5868-7538
塩ホルモン 獅子丸,https://tabelog.com/tokyo/A1319/A131904/13191957/,050-5590-4582
ベトナム食堂cafeシクロ,https://tabelog.com/tokyo/A1318/A131805/13195851/,050-5592-6145
松島,https://tabelog.com/tokyo/A1319/A131906/13044749/,050-5872-4575
焼肉弐苑,https://tabelog.com/tokyo/A1319/A131904/13175483/,050-5571-1071
バースイッチ,https://tabelog.com/tokyo/A1319/A131906/13146345/,050-5872-9924
鳥貴族 高円寺南口店,https://tabelog.com/tokyo/A1319/A131904/13178729/,050-5571-4849
カフェ＆ゲームバー ことぶき,https://tabelog.com/tokyo/A1321/A132105/13160305/,050-5872-3072
肝心屋  久我山店,https://tabelog.com/tokyo/A1318/A131806/13096523/,050-5590-1385
牛角 西荻窪南口店,https://tabelog.com/tokyo/A1319/A131907/13036138/,050-5872-1351
ずど～ん,https://tabelog.com/tokyo/A1319/A131904/13185652/,050-5590-2145
新井屋,https://tabelog.com/tokyo/A1319/A131904/13156488/,050-5869-5192
嵐坊 高円寺店,https://tabelog.com/tokyo/A1319/A131904/13191376/,050-5590-5632
餃子王家,https://tabelog.com/tokyo/A1321/A132105/13131074/,050-5592-3742
ピッツァ ナポレターノ カフェ 荻窪駅前店,https://tabelog.com/tokyo/A1319/A131906/13176743/,050-5590-0553
Ailnoir,https://tabelog.com/tokyo/A1319/A131904/13162480/,050-5872-6529
串しん坊,https://tabelog.com/tokyo/A1319/A131905/13142748/,050-5869-4121
炭火焼肉酒家 牛角 方南町店,https://tabelog.com/tokyo/A1319/A131903/13028223/,050-5890-2970
ピッツァ ナポレターノ カフェ 新高円寺店,https://tabelog.com/tokyo/A1319/A131904/13161030/,050-5590-0530
鳥貴族 荻窪西口店,https://tabelog.com/tokyo/A1319/A131906/13073020/,050-5570-9519
いろはにほへと 阿佐ヶ谷店,https://tabelog.com/tokyo/A1319/A131905/13155850/,050-5872-1601
源宗園,https://tabelog.com/tokyo/A1319/A131907/13141661/,050-5592-6484
ゴエンヤ,https://tabelog.com/tokyo/A1319/A131905/13039611/,050-5872-6339
SATOブリアン,https://tabelog.com/tokyo/A1319/A131905/13127046/,03-6915-1638
アンプール,https://tabelog.com/tokyo/A1319/A131904/13109697/,050-5872-4633
銀八,https://tabelog.com/tokyo/A1319/A131907/13186366/,050-5589-6829
ムッチーズ カフェ,https://tabelog.com/tokyo/A1319/A131904/13190546/,050-5590-4558
ぼちぼち 高円寺北口店,https://tabelog.com/tokyo/A1319/A131904/13052207/,050-5868-1509
創作和風料理 荻窪 卯,https://tabelog.com/tokyo/A1319/A131906/13013594/,050-5869-4715
大黒寿司,https://tabelog.com/tokyo/A1319/A131905/13011882/,050-5570-7899
鳥貴族 西荻窪店,https://tabelog.com/tokyo/A1319/A131907/13144632/,050-5872-6424
南国食堂 Shan2,https://tabelog.com/tokyo/A1318/A131808/13030743/,050-5869-9044
鳥貴族 阿佐谷南口店,https://tabelog.com/tokyo/A1319/A131905/13048287/,050-5570-9488
割烹末吉,https://tabelog.com/tokyo/A1319/A131906/13083001/,050-5869-3841
ロイヤルスパイス インドアジアン料理＆バー,https://tabelog.com/tokyo/A1319/A131905/13189711/,050-5590-1649
イタリア食堂 Shimaneko,https://tabelog.com/tokyo/A1319/A131907/13200646/,050-5592-7281
nimo,https://tabelog.com/tokyo/A1319/A131906/13200383/,050-5592-7993
上荻一丁目酒場,https://tabelog.com/tokyo/A1319/A131906/13195606/,050-5592-6531
和食バル あき,https://tabelog.com/tokyo/A1319/A131905/13201797/,050-5592-9470
ダルバッフォ,https://tabelog.com/tokyo/A1319/A131905/13197045/,050-5592-2533
アジアンキッチンクマル 荻窪店,https://tabelog.com/tokyo/A1319/A131906/13133625/,050-5590-3173
レティシア,https://tabelog.com/tokyo/A1318/A131805/13190491/,050-5592-6517
ヴァリノール,https://tabelog.com/tokyo/A1319/A131906/13124693/,03-6383-5148
鳥貴族 方南町店,https://tabelog.com/tokyo/A1319/A131903/13197980/,050-5592-3855
麺創房 さくら,https://tabelog.com/tokyo/A1319/A131907/13025522/,050-5570-4676
焼鳥・牛もつ ともず,https://tabelog.com/tokyo/A1319/A131905/13180788/,050-5592-6505
淡菜房 下井草店,https://tabelog.com/tokyo/A1321/A132104/13052476/,050-5868-5532
IL DOGE,https://tabelog.com/tokyo/A1319/A131904/13161103/,050-5872-5565
鳥貴族 南阿佐ヶ谷店,https://tabelog.com/tokyo/A1319/A131905/13193350/,050-5590-6778
横浜家系ラーメン 飛,https://tabelog.com/tokyo/A1319/A131905/13199325/,050-5592-5358
もつ吉 本店,https://tabelog.com/tokyo/A1319/A131906/13117193/,050-5869-4957
すしざんまい 高円寺店,https://tabelog.com/tokyo/A1319/A131904/13119937/,03-5305-3383
アジアンバールアンドカフェ キーマオキッチン.,https://tabelog.com/tokyo/A1319/A131906/13178906/,050-5589-5663
ゴダワリアジアンレストラン＆バー,https://tabelog.com/tokyo/A1319/A131904/13155200/,050-5571-0618
クマル 西荻窪店,https://tabelog.com/tokyo/A1319/A131907/13165400/,050-5590-3006
花菜,https://tabelog.com/tokyo/A1319/A131904/13017283/,050-5589-7186
牛酔,https://tabelog.com/tokyo/A1319/A131905/13160823/,050-5872-9547
あっけし 荻窪店,https://tabelog.com/tokyo/A1319/A131906/13161277/,050-5872-4756
客家亭,https://tabelog.com/tokyo/A1319/A131906/13052443/,050-5869-4847
しゃぶしゃぶ 温野菜 阿佐ヶ谷店,https://tabelog.com/tokyo/A1319/A131905/13026874/,050-5872-1320
osteria quanto basta,https://tabelog.com/tokyo/A1319/A131906/13163543/,050-5872-9500
高円寺 尼僧バー,https://tabelog.com/tokyo/A1319/A131904/13184975/,050-5592-2155
本格炭火串焼あっしゅ,https://tabelog.com/tokyo/A1319/A131905/13130282/,050-5869-4045
薄利多賣半兵ヱ 高円寺駅前店,https://tabelog.com/tokyo/A1319/A131904/13025945/,050-5868-3372
えんじ屋,https://tabelog.com/tokyo/A1319/A131904/13025531/,050-5890-6193
かきんちゅ,https://tabelog.com/tokyo/A1319/A131905/13158183/,050-5592-4602
スエヒロ館 杉並店,https://tabelog.com/tokyo/A1318/A131806/13110398/,050-5869-4932
高円寺アッカ,https://tabelog.com/tokyo/A1319/A131904/13141584/,050-5890-5805
SATOブリアン にごう,https://tabelog.com/tokyo/A1319/A131905/13159782/,非公開
やきとりの扇屋 荻窪駅南口店,https://tabelog.com/tokyo/A1319/A131906/13203803/,050-5593-3211
Cafe-GalleryK,https://tabelog.com/tokyo/A1319/A131907/13158983/,050-5872-3031
串カツ田中 阿佐ヶ谷店,https://tabelog.com/tokyo/A1319/A131905/13170773/,050-5570-3533
フリーダ,https://tabelog.com/tokyo/A1319/A131907/13137524/,050-5868-8686
炭火焼肉　ホルモン　やま元 荻窪店,https://tabelog.com/tokyo/A1319/A131906/13150414/,050-5869-5115
ガロ,https://tabelog.com/tokyo/A1319/A131905/13186415/,050-5589-7333
幸寿司,https://tabelog.com/tokyo/A1319/A131904/13006663/,050-5868-4415
肝心屋 桜上水本店,https://tabelog.com/tokyo/A1318/A131809/13054255/,050-5590-1380
夢一門,https://tabelog.com/tokyo/A1318/A131805/13077245/,050-5590-5981
幸寿司 阿佐ヶ谷店,https://tabelog.com/tokyo/A1319/A131905/13092576/,050-5868-9577
いちべえ,https://tabelog.com/tokyo/A1319/A131906/13006230/,050-5592-6454
やきとり家すみれ 久我山店,https://tabelog.com/tokyo/A1318/A131806/13180742/,050-5571-8966
カプチーナ 荻窪店,https://tabelog.com/tokyo/A1319/A131906/13056030/,03-3392-8809
馬来風光美食,https://tabelog.com/tokyo/A1319/A131906/13005578/,03-5938-8633
クラフトビアスタンドターコイズ,https://tabelog.com/tokyo/A1319/A131906/13161036/,050-5872-8081
アルベロ,https://tabelog.com/tokyo/A1319/A131906/13137994/,050-5890-1992
牛角 阿佐ヶ谷北口店,https://tabelog.com/tokyo/A1319/A131905/13036432/,050-5872-1352
ガストロパブSHIMEJIⅡ,https://tabelog.com/tokyo/A1319/A131904/13127771/,050-5868-5639
鳥貴族 荻窪南口店,https://tabelog.com/tokyo/A1319/A131906/13177645/,050-5571-3709
炭火焼肉　三勝,https://tabelog.com/tokyo/A1319/A131904/13198002/,050-5592-4625
四季の味 か美や,https://tabelog.com/tokyo/A1319/A131904/13054704/,03-3317-7315
シェ・マルコ,https://tabelog.com/tokyo/A1319/A131906/13013587/,03-3392-4550
ハトバ コーヒー スタンド,https://tabelog.com/tokyo/A1319/A131907/13193384/,03-3397-1791
すえひろ,https://tabelog.com/tokyo/A1319/A131904/13088016/,03-3313-2139
エイミーズ ベイクショップ,https://tabelog.com/tokyo/A1319/A131907/13113704/,03-5382-1193
無国籍料理AJISAI,https://tabelog.com/tokyo/A1319/A131906/13013607/,03-3398-3751
こなや,https://tabelog.com/tokyo/A1318/A131808/13080138/,03-3325-8817
クラウン洋菓子店,https://tabelog.com/tokyo/A1321/A132104/13054665/,03-3399-2460
ぽれやぁれ,https://tabelog.com/tokyo/A1319/A131904/13122576/,03-3316-0315
珍味亭,https://tabelog.com/tokyo/A1319/A131907/13000714/,03-3333-2840
空き屋,https://tabelog.com/tokyo/A1319/A131904/13114181/,03-6768-9929
えいかつ,https://tabelog.com/tokyo/A1319/A131905/13011717/,03-3312-0900
花寿し,https://tabelog.com/tokyo/A1319/A131904/13106307/,03-3386-3308
光栄,https://tabelog.com/tokyo/A1319/A131903/13062509/,03-3382-2618
かわ清,https://tabelog.com/tokyo/A1319/A131905/13011874/,03-3338-1627
ガスト  荻窪南口店,https://tabelog.com/tokyo/A1319/A131906/13045751/,03-5335-5638
萬福本舗,https://tabelog.com/tokyo/A1319/A131905/13006947/,03-3392-2892
焼肉 あまね,https://tabelog.com/tokyo/A1319/A131904/13134688/,03-3336-5008
ネクスト サンデー,https://tabelog.com/tokyo/A1319/A131905/13036070/,03-3316-6799
松月庵,https://tabelog.com/tokyo/A1319/A131906/13068134/,03-3392-0766
よし,https://tabelog.com/tokyo/A1318/A131806/13081195/,03-3247-3414
大誠軒,https://tabelog.com/tokyo/A1321/A132104/13062443/,03-3395-8938
Giardino dal 1971,https://tabelog.com/tokyo/A1318/A131806/13202716/,03-5941-8546
ガレット エ ポムポム ,https://tabelog.com/tokyo/A1321/A132105/13156998/,03-6913-7837
komorebi,https://tabelog.com/tokyo/A1318/A131805/13118720/,03-6379-1351
チチ,https://tabelog.com/tokyo/A1318/A131806/13123148/,03-6690-9051
もっちゃん,https://tabelog.com/tokyo/A1318/A131809/13064297/,03-3304-1778
藪,https://tabelog.com/tokyo/A1319/A131903/13074081/,03-3311-2030
LOCAVORE,https://tabelog.com/tokyo/A1319/A131904/13100049/,03-6304-9804
中華料理一番,https://tabelog.com/tokyo/A1318/A131805/13062499/,03-3303-5837
枝美とリック,https://tabelog.com/tokyo/A1319/A131905/13076779/,03-3391-4034
リズム,https://tabelog.com/tokyo/A1321/A132104/13165939/,03-6913-5595
白兎珈琲店,https://tabelog.com/tokyo/A1318/A131806/13179615/,03-5941-8731
ミニストップ 杉並和泉町店,https://tabelog.com/tokyo/A1318/A131804/13177438/,03-3324-3273
酒ごはん屋 あかね雲,https://tabelog.com/tokyo/A1319/A131905/13191349/,03-4285-6558
焼肉 辰巳屋,https://tabelog.com/tokyo/A1319/A131905/13036481/,03-3338-8593
門,https://tabelog.com/tokyo/A1319/A131903/13076502/,03-3318-7878
炭火焼鳥 ほの杜,https://tabelog.com/tokyo/A1318/A131809/13201441/,03-6379-6631
ラーメン チキュウ,https://tabelog.com/tokyo/A1319/A131905/13048520/,非公開
すし市場 本店,https://tabelog.com/tokyo/A1319/A131902/13157218/,03-3380-7290
すえひろ,https://tabelog.com/tokyo/A1319/A131904/13067187/,03-3330-8421
松屋 荻窪北口店,https://tabelog.com/tokyo/A1319/A131906/13086301/,03-5397-7181
焼とりよね田,https://tabelog.com/tokyo/A1319/A131907/13064493/,03-3334-2094
バーモンド,https://tabelog.com/tokyo/A1319/A131905/13157908/,03-3336-4406
ダ マサ,https://tabelog.com/tokyo/A1319/A131907/13177105/,03-6913-9858
炎のらいおん,https://tabelog.com/tokyo/A1319/A131906/13136655/,03-3391-0701
木の蔵,https://tabelog.com/tokyo/A1319/A131905/13143415/,03-6310-1235
日昇園,https://tabelog.com/tokyo/A1319/A131905/13032234/,03-5373-0628
trim,https://tabelog.com/tokyo/A1319/A131907/13170757/,03-3332-0051
佐藤家の食卓,https://tabelog.com/tokyo/A1319/A131907/13104814/,090-9959-3990
ガンジュウヤ,https://tabelog.com/tokyo/A1319/A131904/13006666/,03-3338-6012
焼鳥こーちゃん,https://tabelog.com/tokyo/A1318/A131805/13064477/,03-3302-2919
バー ググ,https://tabelog.com/tokyo/A1318/A131806/13202790/,03-5941-5544
プラネットサード 高円寺店,https://tabelog.com/tokyo/A1319/A131904/13004177/,03-3318-3931
和幸  タウンセブン荻窪店,https://tabelog.com/tokyo/A1319/A131906/13126113/,03-5347-9122
ブールミッシュ 荻窪ルミネ店,https://tabelog.com/tokyo/A1319/A131906/13197150/,03-6383-5681
高味園,https://tabelog.com/tokyo/A1319/A131904/13011724/,03-3316-4658
すし三崎港 井荻ピーコック,https://tabelog.com/tokyo/A1321/A132105/13171975/,03-5303-7250
三宝庵 ルミネ荻窪店,https://tabelog.com/tokyo/A1319/A131906/13032807/,03-3392-8866
ホームメイドソーセージ・フランクフルト 本店,https://tabelog.com/tokyo/A1319/A131907/13006956/,03-3395-7766
VIVACE,https://tabelog.com/tokyo/A1318/A131805/13139689/,03-3329-8883
ミントンハウス,https://tabelog.com/tokyo/A1319/A131907/13165473/,03-5370-4050
じゅえん,https://tabelog.com/tokyo/A1319/A131904/13066687/,03-5377-4197
ぎょうざ宝舞 荻窪,https://tabelog.com/tokyo/A1319/A131906/13193443/,03-5335-7303
かきぞえ食堂,https://tabelog.com/tokyo/A1319/A131907/13170265/,03-6671-4370
荻窪ダイニング,https://tabelog.com/tokyo/A1319/A131906/13206479/,03-3391-3770
ゆめや弁天洞,https://tabelog.com/tokyo/A1319/A131904/13130935/,03-3315-3433
とり文,https://tabelog.com/tokyo/A1318/A131808/13064094/,03-3323-3539
井荻飯店,https://tabelog.com/tokyo/A1321/A132105/13055087/,03-3396-3934
珈林,https://tabelog.com/tokyo/A1318/A131805/13006583/,03-3304-8636
好來屋,https://tabelog.com/tokyo/A1319/A131903/13098347/,03-3325-7400
居酒屋　あめんぼ 高円寺,https://tabelog.com/tokyo/A1319/A131904/13140624/,03-5356-8005
焼肉ストライク,https://tabelog.com/tokyo/A1319/A131904/13172348/,03-3316-3333
寿司富,https://tabelog.com/tokyo/A1319/A131905/13071488/,03-3339-7594
ピッコロ,https://tabelog.com/tokyo/A1319/A131904/13180950/,非公開
マクドナルド 荻窪西口店,https://tabelog.com/tokyo/A1319/A131906/13146482/,03-3398-4822
さとうコロッケ店,https://tabelog.com/tokyo/A1319/A131906/13049928/,03-3398-0276
ピザハット 高円寺北店,https://tabelog.com/tokyo/A1319/A131904/13142269/,03-3339-7100
有閑倶楽部,https://tabelog.com/tokyo/A1319/A131906/13196496/,03-6795-7430
キッチン南海 井荻店,https://tabelog.com/tokyo/A1321/A132105/13115881/,03-3396-5761
ちもと総本店 阿佐谷店,https://tabelog.com/tokyo/A1319/A131905/13195695/,03-6454-6042
日本一 西友荻窪店,https://tabelog.com/tokyo/A1319/A131906/13170989/,03-5347-1937
ピザーラ 高円寺店,https://tabelog.com/tokyo/A1319/A131904/13142202/,03-5306-2500
日向食堂,https://tabelog.com/tokyo/A1319/A131905/13082788/,03-3314-5567
ソーヤーカフェ,https://tabelog.com/tokyo/A1319/A131907/13135883/,03-5344-9336
ぽんぽこ,https://tabelog.com/tokyo/A1319/A131906/13089838/,03-6915-1655
たましゃり本舗むさし,https://tabelog.com/tokyo/A1321/A132104/13106742/,03-5382-8180
トムヤムクン,https://tabelog.com/tokyo/A1319/A131907/13125045/,03-3395-0670
ユーハイム ルミネ荻窪店,https://tabelog.com/tokyo/A1319/A131906/13197610/,03-3220-7210
鮨たなか,https://tabelog.com/tokyo/A1319/A131907/13000723/,03-3335-3777
博多ラーメン 長浜や 高井戸店,https://tabelog.com/tokyo/A1318/A131806/13200752/,03-5336-1860
イル ソーレ,https://tabelog.com/tokyo/A1318/A131809/13102650/,03-6795-7723
笹や,https://tabelog.com/tokyo/A1319/A131906/13181695/,03-5397-0132
唐変木,https://tabelog.com/tokyo/A1319/A131904/13077102/,03-3330-5385
ポポラーレ,https://tabelog.com/tokyo/A1319/A131904/13208178/,03-3337-0066
Berry,https://tabelog.com/tokyo/A1319/A131904/13199242/,03-3314-9999
CoCo壱番屋 杉並桜上水店,https://tabelog.com/tokyo/A1318/A131809/13078705/,03-3302-9651
酔い処丹庵,https://tabelog.com/tokyo/A1318/A131806/13082293/,03-5370-2515
さんかい,https://tabelog.com/tokyo/A1319/A131904/13186075/,不明の為情報お待ちしております
清風,https://tabelog.com/tokyo/A1319/A131904/13082316/,03-3330-4235
増寿司 桜上水店,https://tabelog.com/tokyo/A1318/A131809/13173008/,03-3304-7810
ビーエムデリカテッセン,https://tabelog.com/tokyo/A1319/A131905/13136381/,03-3223-0555
磯丸水産 阿佐ヶ谷店,https://tabelog.com/tokyo/A1319/A131905/13166158/,03-5305-4781
精華,https://tabelog.com/tokyo/A1318/A131806/13118814/,03-3333-4127
さつき,https://tabelog.com/tokyo/A1319/A131905/13080190/,03-3318-5408
ととや 阿佐ヶ谷北口店,https://tabelog.com/tokyo/A1319/A131905/13141506/,非公開
魚呑 永福町店,https://tabelog.com/tokyo/A1318/A131805/13182376/,03-6265-7769
酔RAKU,https://tabelog.com/tokyo/A1319/A131903/13196865/,03-3317-5330
やきとり 戎 西荻南口店,https://tabelog.com/tokyo/A1319/A131907/13000711/,03-3332-2955
串焼き あんどう,https://tabelog.com/tokyo/A1318/A131808/13170192/,03-5300-2060
米・肴・旬菜 八 荻窪店,https://tabelog.com/tokyo/A1319/A131906/13201750/,03-6279-9328
amika,https://tabelog.com/tokyo/A1319/A131906/13088919/,03-3220-7223
チェルシーガーデン,https://tabelog.com/tokyo/A1318/A131805/13061672/,03-3322-8545
カフェラカム,https://tabelog.com/tokyo/A1319/A131905/13087620/,03-6383-5890
らあめん花月嵐 永福町店,https://tabelog.com/tokyo/A1318/A131805/13055924/,03-3325-7900
アフタヌーンティー・ティールーム ルミネ荻窪店,https://tabelog.com/tokyo/A1319/A131906/13035351/,03-5347-0788
バーン・イサーン 高円寺店,https://tabelog.com/tokyo/A1319/A131904/13051629/,03-3315-1005
フィーカフィーカ 永福町店,https://tabelog.com/tokyo/A1318/A131805/13148664/,03-5376-9595
べじcafe和み,https://tabelog.com/tokyo/A1319/A131905/13162282/,03-6383-0140
魚の四文屋 高円寺店,https://tabelog.com/tokyo/A1319/A131904/13124713/,03-5373-5679
東京スズメ,https://tabelog.com/tokyo/A1319/A131905/13143192/,03-3313-8708
Pani,https://tabelog.com/tokyo/A1319/A131907/13188597/,03-6913-9056
十勝甘納豆本舗 ディラ阿佐ヶ谷店,https://tabelog.com/tokyo/A1319/A131905/13183225/,03-6859-7722
魚民 西永福駅前店,https://tabelog.com/tokyo/A1318/A131805/13102713/,03-5376-6088
鶏のふっちゃん,https://tabelog.com/tokyo/A1318/A131806/13171418/,03-3331-7499
とり亀,https://tabelog.com/tokyo/A1318/A131806/13011820/,03-3331-2100
炭火焼はまの,https://tabelog.com/tokyo/A1321/A132105/13105565/,03-3301-0315
喜久味寿し,https://tabelog.com/tokyo/A1319/A131907/13070770/,03-3396-9444
MASH,https://tabelog.com/tokyo/A1319/A131904/13050066/,03-3330-8156
冨士食堂,https://tabelog.com/tokyo/A1319/A131906/13051415/,非公開
ブルーキャスケット,https://tabelog.com/tokyo/A1319/A131904/13181856/,03-6304-9815
Sirop,https://tabelog.com/tokyo/A1319/A131906/13053924/,03-3393-0065
ごはんちゃさる～んcozy,https://tabelog.com/tokyo/A1319/A131907/13193466/,03-3331-9904
スーパーバリュー 杉並高井戸店,https://tabelog.com/tokyo/A1318/A131809/13157144/,03-5316-3033
宝華,https://tabelog.com/tokyo/A1321/A132104/13062434/,03-3395-6577
サンドーレ 阿佐ヶ谷南口店,https://tabelog.com/tokyo/A1319/A131905/13125275/,03-3398-7208
プロジェクト,https://tabelog.com/tokyo/A1319/A131907/13168117/,03-6913-7490
梨香苑,https://tabelog.com/tokyo/A1318/A131809/13089556/,03-3304-8989
一水,https://tabelog.com/tokyo/A1319/A131907/13166550/,03-5941-8410
天米,https://tabelog.com/tokyo/A1319/A131904/13049378/,03-3311-4348
トミ,https://tabelog.com/tokyo/A1319/A131905/13088233/,03-3339-9483
スナック　朋,https://tabelog.com/tokyo/A1319/A131904/13116799/,03-3314-8297
ハンちゃんスンちゃん,https://tabelog.com/tokyo/A1319/A131906/13121769/,03-3394-7966
くいもの屋 わん 荻窪店,https://tabelog.com/tokyo/A1319/A131906/13051272/,03-5347-9788
きっちんひとくち,https://tabelog.com/tokyo/A1319/A131905/13045488/,03-3311-7130
珠杏,https://tabelog.com/tokyo/A1318/A131805/13061385/,03-3318-9054
Zeit,https://tabelog.com/tokyo/A1319/A131907/13146369/,03-6750-8089
珍竹林,https://tabelog.com/tokyo/A1319/A131907/13069942/,03-3396-3931
韓国料理 トヤジ,https://tabelog.com/tokyo/A1319/A131907/13051279/,03-3334-8161
東菊 西荻南店,https://tabelog.com/tokyo/A1319/A131907/13075719/,03-3334-7500
サミットストア 成田東店,https://tabelog.com/tokyo/A1319/A131905/13188659/,03-5377-7051
ミート ミート ミート,https://tabelog.com/tokyo/A1319/A131905/13206252/,03-6886-4518
トラットリア エルモチェーロ,https://tabelog.com/tokyo/A1319/A131906/13162376/,03-6276-9560
YOSHI丸,https://tabelog.com/tokyo/A1319/A131905/13090790/,03-3337-0460
あずさ,https://tabelog.com/tokyo/A1319/A131905/13079664/,03-3330-0809
アンファミーユ,https://tabelog.com/tokyo/A1319/A131906/13164386/,03-6887-0015
meu nota,https://tabelog.com/tokyo/A1319/A131904/13105155/,03-5929-9422
田螺堂喫茶室,https://tabelog.com/tokyo/A1319/A131907/13171656/,03-6913-7621
葉山房,https://tabelog.com/tokyo/A1319/A131905/13064459/,03-3338-4901
てぃんさぐぬ花,https://tabelog.com/tokyo/A1318/A131808/13125824/,03-3321-2139
Cafe EAGA,https://tabelog.com/tokyo/A1318/A131805/13109821/,03-3321-5891
ロジ,https://tabelog.com/tokyo/A1319/A131905/13040576/,03-6809-2110
きまんまテーブル,https://tabelog.com/tokyo/A1319/A131904/13177791/,03-3338-0822
イーワールド,https://tabelog.com/tokyo/A1319/A131905/13090080/,03-5305-5330
銀座コージーコーナー 阿佐ヶ谷店,https://tabelog.com/tokyo/A1319/A131905/13110419/,03-3337-1571
日本橋屋 荻窪ルミネ店,https://tabelog.com/tokyo/A1319/A131906/13150076/,03-3392-1138
バーミィー アジア料理,https://tabelog.com/tokyo/A1319/A131904/13078002/,03-3318-2621
パスタ スパーゴ,https://tabelog.com/tokyo/A1318/A131805/13006629/,03-3329-2812
オリジン弁当 荻窪南店,https://tabelog.com/tokyo/A1319/A131906/13138141/,03-5397-0652
バルーチョ,https://tabelog.com/tokyo/A1321/A132105/13175788/,03-6454-7405
阿佐ヶ谷じゃんぐる,https://tabelog.com/tokyo/A1319/A131905/13169181/,03-5356-8083
大天狗 代田橋店,https://tabelog.com/tokyo/A1318/A131808/13085559/,03-3322-5284
サミットストア 善福寺店,https://tabelog.com/tokyo/A1319/A131906/13190171/,03-5311-3311
カラオケ館 西荻窪駅前店,https://tabelog.com/tokyo/A1319/A131907/13151852/,03-5303-4588
満州王,https://tabelog.com/tokyo/A1319/A131904/13100944/,03-3316-8489
トラットリア ボッカ・ルーポ,https://tabelog.com/tokyo/A1319/A131904/13044506/,03-3310-3369
キッチンオリジン 八幡山店,https://tabelog.com/tokyo/A1318/A131809/13183377/,03-3329-4952
石川,https://tabelog.com/tokyo/A1319/A131904/13151679/,090-1844-0163
上海料理 飲茶 喬家柵,https://tabelog.com/tokyo/A1319/A131907/13006641/,03-3331-8421
チクロ パノラマ キッチン,https://tabelog.com/tokyo/A1319/A131907/13193818/,03-6755-9713
OHIO,https://tabelog.com/tokyo/A1319/A131907/13146951/,03-6324-7411
麺処 田ぶし 高円寺本店,https://tabelog.com/tokyo/A1319/A131904/13004214/,03-5327-4744
フォト ブック カフェ ボーツ,https://tabelog.com/tokyo/A1319/A131906/13204230/,03-3393-4157
ケンタッキーフライドチキン 荻窪店 ,https://tabelog.com/tokyo/A1319/A131906/13124780/,03-5397-7322
アパレシーダ,https://tabelog.com/tokyo/A1319/A131907/13095977/,03-3335-5455
しみず,https://tabelog.com/tokyo/A1319/A131907/13087920/,03-3395-8478
樽勝,https://tabelog.com/tokyo/A1319/A131904/13069907/,03-3337-2656
道頓堀くくる ディラ阿佐ヶ谷店,https://tabelog.com/tokyo/A1319/A131905/13011704/,03-3310-2519
春木屋 荻窪本店,https://tabelog.com/tokyo/A1319/A131906/13001099/,03-3391-4868
ナデシコガール,https://tabelog.com/tokyo/A1319/A131907/13132175/,03-3331-8766
春木家本店,https://tabelog.com/tokyo/A1319/A131906/13013582/,03-3391-4220
445,https://tabelog.com/tokyo/A1318/A131805/13144658/,03-6326-7595
名代 富士そば 阿佐ヶ谷店,https://tabelog.com/tokyo/A1319/A131905/13125499/,非公開
四季酒菜　和餐梵,https://tabelog.com/tokyo/A1319/A131903/13096164/,03-6761-8203
かむかむhygge,https://tabelog.com/tokyo/A1319/A131907/13183969/,03-5370-5539
阿佐谷ホープ軒,https://tabelog.com/tokyo/A1319/A131905/13011718/,03-3312-5344
洋食のみかさ,https://tabelog.com/tokyo/A1319/A131907/13069058/,03-3396-9922
錦鮨,https://tabelog.com/tokyo/A1319/A131907/13011819/,03-3333-6372
リリー,https://tabelog.com/tokyo/A1319/A131904/13074972/,03-3316-0083
みのや食堂,https://tabelog.com/tokyo/A1319/A131903/13167111/,03-3322-0200
立呑み晩杯屋 西荻北口店,https://tabelog.com/tokyo/A1319/A131907/13200699/,03-6913-5438
喫茶 東京鼠,https://tabelog.com/tokyo/A1319/A131904/13201458/,03-3336-5153
ドトールコーヒーショップ 富士見ヶ丘店,https://tabelog.com/tokyo/A1318/A131806/13086939/,03-3247-3420
松月庵,https://tabelog.com/tokyo/A1318/A131805/13059139/,03-3321-1551
居酒屋まるまん,https://tabelog.com/tokyo/A1319/A131904/13118983/,03-3317-3007
Blue Bell,https://tabelog.com/tokyo/A1319/A131906/13022038/,03-5346-3582
リトルマーメイド 方南町店,https://tabelog.com/tokyo/A1319/A131903/13146372/,03-3311-2630
KEGON,https://tabelog.com/tokyo/A1319/A131905/13076391/,03-3338-1776
旬彩 あさ野,https://tabelog.com/tokyo/A1318/A131805/13199740/,03-6379-7380
ヴォルベール,https://tabelog.com/tokyo/A1319/A131905/13114355/,03-3337-2207
坊千良 荻窪北口,https://tabelog.com/tokyo/A1319/A131906/13190690/,03-6325-7263
荻窪Bar,https://tabelog.com/tokyo/A1319/A131906/13182256/,03-5397-6644
東秀 井荻店,https://tabelog.com/tokyo/A1321/A132105/13073713/,03-3395-0615
ピグローネ,https://tabelog.com/tokyo/A1319/A131906/13146584/,03-3391-1171
江戸や鮨八 阿佐ヶ谷店,https://tabelog.com/tokyo/A1319/A131905/13117572/,03-5929-9239
ドレミファクラブ 永福町店,https://tabelog.com/tokyo/A1318/A131805/13116590/,03-3327-4148
とんかつ NOBU,https://tabelog.com/tokyo/A1319/A131903/13179823/,070-6520-4334
ドミノピザ 和泉環七店,https://tabelog.com/tokyo/A1319/A131903/13161017/,03-5355-5511
中華料理彩虹,https://tabelog.com/tokyo/A1319/A131907/13062484/,03-5310-0508
菓子屋 カランドリエ,https://tabelog.com/tokyo/A1321/A132105/13198204/,03-6915-0665
最後の2$,https://tabelog.com/tokyo/A1319/A131905/13152214/,03-3310-2269
吉野家 阿佐ヶ谷店,https://tabelog.com/tokyo/A1319/A131905/13144141/,03-5347-2509
かーくん,https://tabelog.com/tokyo/A1319/A131905/13154371/,03-5378-1316
丸栄ベーカリー,https://tabelog.com/tokyo/A1319/A131903/13098277/,03-3313-3836
ドロマデール,https://tabelog.com/tokyo/A1319/A131905/13110173/,03-3223-8538
木曽路 善福寺店,https://tabelog.com/tokyo/A1319/A131906/13012928/,03-3396-6063
粉屋時次郎,https://tabelog.com/tokyo/A1319/A131907/13082952/,03-3395-9211
百汁番,https://tabelog.com/tokyo/A1319/A131906/13065831/,03-5397-5245
とんかつ 新宿さぼてん 西荻窪西友店,https://tabelog.com/tokyo/A1319/A131907/13125215/,03-3399-2912
そば茶屋,https://tabelog.com/tokyo/A1319/A131904/13067248/,03-3311-4570
万世園,https://tabelog.com/tokyo/A1319/A131906/13029159/,03-3391-8370
やきとりや すぎもと,https://tabelog.com/tokyo/A1319/A131905/13085227/,03-3398-0439
グランモンターニュ,https://tabelog.com/tokyo/A1321/A132105/13057232/,03-6914-1619
かつた菓子店,https://tabelog.com/tokyo/A1319/A131904/13145606/,03-3311-3216
鳥安,https://tabelog.com/tokyo/A1319/A131907/13084161/,03-3394-2984
広島お好み焼 鉄板焼き みかづき,https://tabelog.com/tokyo/A1319/A131904/13190108/,03-5356-7175
ドトールコーヒーショップ 高井戸店,https://tabelog.com/tokyo/A1318/A131806/13107712/,03-5370-2777
生旨肉酒場 凜,https://tabelog.com/tokyo/A1319/A131905/13166763/,不明の為情報お待ちしております
花園万頭 荻窪店,https://tabelog.com/tokyo/A1319/A131906/13140138/,03-3220-7706
横鍋JAPAN,https://tabelog.com/tokyo/A1319/A131905/13056279/,03-3398-7123
アトリエ アンネル,https://tabelog.com/tokyo/A1321/A132105/13143600/,03-6913-9224
Cafe　Bahia,https://tabelog.com/tokyo/A1319/A131904/13127552/,03-3312-2377
酒道 ハナクラ しぞ～かおでん 荻窪本店,https://tabelog.com/tokyo/A1319/A131906/13094650/,03-6915-1087
ぽたかふぇ。,https://tabelog.com/tokyo/A1319/A131904/13141015/,03-5373-8099
ダンダダン酒場,https://tabelog.com/tokyo/A1319/A131906/13176651/,03-5335-7587
スズナリ,https://tabelog.com/tokyo/A1319/A131904/13114327/,03-3315-8572
元祖寿司 荻窪駅前店,https://tabelog.com/tokyo/A1319/A131906/13054344/,03-3398-2529
QEQUE BAR,https://tabelog.com/tokyo/A1319/A131905/13078860/,03-3315-5772
麻布十番モンタボー 東京杉並店,https://tabelog.com/tokyo/A1318/A131805/13201011/,03-5357-0747
七つ森,https://tabelog.com/tokyo/A1319/A131904/13000675/,03-3318-1393
カラオケ居酒屋　べ,https://tabelog.com/tokyo/A1319/A131907/13141440/,03-3331-4515
リアン･カラン,https://tabelog.com/tokyo/A1318/A131806/13199057/,03-5344-9919
栄華,https://tabelog.com/tokyo/A1319/A131905/13062504/,03-3396-0076
ワシン トーキョー,https://tabelog.com/tokyo/A1319/A131905/13174902/,03-6313-0810
さかなの寄り処 てとら,https://tabelog.com/tokyo/A1318/A131809/13128461/,03-3321-5790
富山ブラックラーメン　くろべえ 杉並上井草店,https://tabelog.com/tokyo/A1321/A132105/13201152/,不明の為情報お待ちしております
イズミル,https://tabelog.com/tokyo/A1319/A131905/13000663/,03-3310-4666
焼肉レストラン金剛山,https://tabelog.com/tokyo/A1321/A132105/13066688/,03-3395-8424
大助すし,https://tabelog.com/tokyo/A1319/A131905/13071848/,03-3392-4444
十歩,https://tabelog.com/tokyo/A1319/A131906/13151926/,03-3398-5858
燻製ビストロ みつ志,https://tabelog.com/tokyo/A1319/A131907/13189680/,03-5941-3532
真佐,https://tabelog.com/tokyo/A1319/A131904/13011813/,03-3330-6562
ブルク　手作りパン,https://tabelog.com/tokyo/A1319/A131907/13077325/,03-3399-8827
オリジン弁当 杉並成田東店,https://tabelog.com/tokyo/A1319/A131904/13133466/,03-5305-0281
MINAMIDO',https://tabelog.com/tokyo/A1319/A131907/13170057/,03-6762-1239
ガトー・ド・ボワイヤージュ Dila阿佐ヶ谷店,https://tabelog.com/tokyo/A1319/A131905/13136388/,03-5356-7441
Sempre Pizza 高円寺店,https://tabelog.com/tokyo/A1319/A131904/13127308/,03-3330-9201
ガッターロ,https://tabelog.com/tokyo/A1319/A131905/13136414/,03-3391-2215
ちゃばしら食堂,https://tabelog.com/tokyo/A1319/A131904/13165622/,03-5356-7272
とんかつ　松よし,https://tabelog.com/tokyo/A1318/A131805/13109405/,03-3316-6738
サイゼリヤ 西荻マイロード店,https://tabelog.com/tokyo/A1319/A131907/13203030/,03-5311-2135
縁家,https://tabelog.com/tokyo/A1319/A131905/13037168/,03-5378-8851
宝楽屋,https://tabelog.com/tokyo/A1321/A132105/13131096/,03-6454-7561
ロマンチカ洋酒店,https://tabelog.com/tokyo/A1319/A131907/13163738/,03-3331-0599
バーカロ フェッロ,https://tabelog.com/tokyo/A1318/A131806/13121054/,03-5941-5032
福利亭 新高円寺店,https://tabelog.com/tokyo/A1319/A131904/13179480/,050-5799-7032
りょうたん亭,https://tabelog.com/tokyo/A1319/A131903/13009230/,03-5377-0902
満天,https://tabelog.com/tokyo/A1318/A131808/13083323/,03-3327-8649
すずらん,https://tabelog.com/tokyo/A1319/A131906/13144986/,03-3398-5101
スマイルホテル 東京阿佐ヶ谷,https://tabelog.com/tokyo/A1319/A131905/13152956/,03-3220-8755
山内農場 高円寺南口駅前店,https://tabelog.com/tokyo/A1319/A131904/13158111/,03-3316-3688
富士,https://tabelog.com/tokyo/A1319/A131904/13082909/,03-3315-8750
大入鮨,https://tabelog.com/tokyo/A1319/A131905/13071858/,03-3392-8600
中華蕎麦 はる,https://tabelog.com/tokyo/A1321/A132104/13205221/,不明の為情報お待ちしております
キン ママ,https://tabelog.com/tokyo/A1319/A131907/13153554/,03-5344-9104
高円寺メタルめし,https://tabelog.com/tokyo/A1319/A131904/13183444/,090-9107-4183
ジャックスバニー,https://tabelog.com/tokyo/A1318/A131809/13135118/,03-6318-1949
ラーメン二郎 荻窪店,https://tabelog.com/tokyo/A1319/A131906/13006060/,不明の為情報お待ちしております
マスヤ,https://tabelog.com/tokyo/A1319/A131905/13088692/,03-3311-2823
恵菜,https://tabelog.com/tokyo/A1319/A131905/13053923/,03-5373-8935
め組,https://tabelog.com/tokyo/A1319/A131903/13061485/,03-5377-4190
果樹源,https://tabelog.com/tokyo/A1319/A131904/13177738/,03-3330-4124
角,https://tabelog.com/tokyo/A1319/A131903/13177904/,03-5930-3187
ボルボ,https://tabelog.com/tokyo/A1319/A131903/13088651/,03-3311-3184
海晴亭 本店,https://tabelog.com/tokyo/A1318/A131809/13017408/,03-5376-1955
とうわcafe,https://tabelog.com/tokyo/A1318/A131805/13168171/,03-6326-8856
サンエトワール 上井草店,https://tabelog.com/tokyo/A1321/A132105/13060005/,03-5382-1234
一番,https://tabelog.com/tokyo/A1319/A131905/13062433/,03-3339-0589
ふんよう亭,https://tabelog.com/tokyo/A1319/A131906/13012931/,03-3398-4651
立ち飲みワインGRECO 2号店,https://tabelog.com/tokyo/A1319/A131906/13173491/,03-6279-9845
鮨孝,https://tabelog.com/tokyo/A1319/A131904/13072403/,03-3383-2758
葉茶屋,https://tabelog.com/tokyo/A1319/A131904/13106436/,03-3338-0808
竹前,https://tabelog.com/tokyo/A1319/A131904/13169067/,03-3389-3088
伊津美,https://tabelog.com/tokyo/A1319/A131903/13081292/,03-3381-3411
谷口精肉店,https://tabelog.com/tokyo/A1319/A131906/13146350/,03-3390-1664
らーめん一蔵,https://tabelog.com/tokyo/A1319/A131904/13004178/,03-5305-2658
サファリサファリ,https://tabelog.com/tokyo/A1319/A131904/13174253/,03-5929-8708
CLUB XIPHIAS,https://tabelog.com/tokyo/A1319/A131904/13146760/,03-6454-6893
荻窪たっぽ,https://tabelog.com/tokyo/A1319/A131906/13131504/,03-6323-1426
新井製麺,https://tabelog.com/tokyo/A1318/A131809/13178191/,03-6379-7564
魚肴 青天上,https://tabelog.com/tokyo/A1319/A131905/13190449/,03-5335-9708
マサキヤ,https://tabelog.com/tokyo/A1319/A131907/13168352/,03-5347-4420
遊佐,https://tabelog.com/tokyo/A1319/A131906/13161418/,03-3391-8644
ワードオブマウス,https://tabelog.com/tokyo/A1318/A131805/13057484/,03-3302-0853
すみれ家 Ｓｕｎ Ｆａｒｅ Ｍａｓａｙｏ,https://tabelog.com/tokyo/A1319/A131906/13001109/,03-3393-0688
稲毛屋,https://tabelog.com/tokyo/A1319/A131905/13081364/,03-3311-2907
In the Rough,https://tabelog.com/tokyo/A1319/A131907/13205835/,03-5311-0750
キイチゴ,https://tabelog.com/tokyo/A1319/A131907/13045956/,03-3335-4446
居酒屋 加賀廣,https://tabelog.com/tokyo/A1319/A131907/13075149/,03-3394-8278
コジ コジ,https://tabelog.com/tokyo/A1319/A131907/13184966/,""
八千代,https://tabelog.com/tokyo/A1319/A131905/13173538/,03-3312-4078
アンテンドゥ 高円寺店,https://tabelog.com/tokyo/A1319/A131904/13172126/,03-5356-6067
楽・食・遊 みたむら,https://tabelog.com/tokyo/A1319/A131906/13122806/,03-3398-0282
ムーン ストンプ,https://tabelog.com/tokyo/A1319/A131904/13108058/,03-3310-6996
京樽 阿佐ヶ谷南口,https://tabelog.com/tokyo/A1319/A131905/13171831/,03-3317-6933
三人灯,https://tabelog.com/tokyo/A1319/A131907/13044327/,03-5346-2892
らあめん花月嵐 下井草駅前店,https://tabelog.com/tokyo/A1321/A132104/13117419/,03-6913-6885
すかんぽ,https://tabelog.com/tokyo/A1318/A131805/13088018/,03-3316-2716
藤吉,https://tabelog.com/tokyo/A1318/A131805/13009838/,03-5930-0373
呉さんの台湾料理,https://tabelog.com/tokyo/A1319/A131906/13166264/,03-6276-9190
磯料理 ふぐ　にしぶち 本店,https://tabelog.com/tokyo/A1319/A131905/13109320/,03-3318-2220
味平,https://tabelog.com/tokyo/A1319/A131906/13109512/,03-3393-4863
甘味処　一六三坊,https://tabelog.com/tokyo/A1319/A131904/13132954/,03-3311-8701
文明堂 高円寺北口店,https://tabelog.com/tokyo/A1319/A131904/13148620/,03-3337-0002
大判,https://tabelog.com/tokyo/A1319/A131907/13138444/,03-3333-1992
一休,https://tabelog.com/tokyo/A1319/A131904/13081320/,03-3316-8943
ラーメン久保田,https://tabelog.com/tokyo/A1319/A131906/13135388/,03-3398-8357
穂わ心,https://tabelog.com/tokyo/A1319/A131904/13114753/,03-3313-0831
モスバーガー 東高円寺店,https://tabelog.com/tokyo/A1319/A131904/13114741/,03-3316-3177
さかもと,https://tabelog.com/tokyo/A1319/A131906/13069305/,03-3392-5599
天津,https://tabelog.com/tokyo/A1319/A131905/13011742/,03-3316-2836
リンガーハット 井の頭通り宮前店,https://tabelog.com/tokyo/A1319/A131907/13115477/,03-5336-6591
たつみ 駅前店,https://tabelog.com/tokyo/A1318/A131809/13011790/,03-3325-9640
イマジン,https://tabelog.com/tokyo/A1319/A131906/13058328/,03-3393-3236
ボニートスープヌードルライク,https://tabelog.com/tokyo/A1318/A131805/13183147/,03-6379-1282
せんなり,https://tabelog.com/tokyo/A1319/A131904/13058493/,03-5305-5050
Gui,https://tabelog.com/tokyo/A1319/A131907/13151515/,03-5941-8763
アルベロ,https://tabelog.com/tokyo/A1319/A131904/13177300/,03-6383-1832
カリール & リカー オイト,https://tabelog.com/tokyo/A1319/A131904/13189058/,不明の為情報お待ちしております
飫肥屋,https://tabelog.com/tokyo/A1319/A131907/13170729/,03-3396-5470
葡庵 Bu-an,https://tabelog.com/tokyo/A1319/A131904/13149768/,03-5373-0141
だれやめや,https://tabelog.com/tokyo/A1319/A131905/13154039/,03-5397-3741
モロゾフ 荻窪ルミネ店,https://tabelog.com/tokyo/A1319/A131906/13099408/,03-3393-4645
アウル,https://tabelog.com/tokyo/A1321/A132104/13087241/,03-3338-2960
鈴亭,https://tabelog.com/tokyo/A1319/A131907/13049077/,03-3334-3690
Sports Cafe すぎなみ,https://tabelog.com/tokyo/A1319/A131906/13191535/,03-3334-4618
モン ビジュー,https://tabelog.com/tokyo/A1319/A131905/13177052/,03-3311-3308
中華エビス,https://tabelog.com/tokyo/A1318/A131806/13130214/,03-3333-9179
ビハニ,https://tabelog.com/tokyo/A1321/A132104/13191295/,03-4291-7787
福のから 浜田山店,https://tabelog.com/tokyo/A1318/A131805/13149755/,03-5929-9945
喜楽,https://tabelog.com/tokyo/A1319/A131905/13203856/,03-3399-5316
バーガーキング 阿佐ヶ谷店,https://tabelog.com/tokyo/A1319/A131905/13120472/,03-3330-7665
WITCHCRAFT 人形茶館,https://tabelog.com/tokyo/A1319/A131904/13032501/,03-3315-3371
PUBLIC,https://tabelog.com/tokyo/A1319/A131905/13157331/,03-5356-8920
カフェ・ビシュエ,https://tabelog.com/tokyo/A1319/A131907/13207338/,03-5930-2131
うどん屋てんてこ,https://tabelog.com/tokyo/A1319/A131904/13115653/,03-3330-3003
丹波屋,https://tabelog.com/tokyo/A1319/A131906/13106750/,03-3391-3917
Frips 西永福店,https://tabelog.com/tokyo/A1318/A131805/13196475/,03-6379-3456
ラバト,https://tabelog.com/tokyo/A1319/A131904/13029495/,03-3314-9700
や台ずし 西永福駅前町,https://tabelog.com/tokyo/A1318/A131805/13181302/,03-5376-5228
らぁめん山と樹,https://tabelog.com/tokyo/A1319/A131904/13204607/,03-6383-1773
日本料理 源氏,https://tabelog.com/tokyo/A1319/A131906/13012906/,03-3392-5287
(立)太丸工業所,https://tabelog.com/tokyo/A1319/A131904/13180772/,非公開
麺処 鳴神,https://tabelog.com/tokyo/A1319/A131906/13122625/,非公開
和cafe こころね ルミネ荻窪店,https://tabelog.com/tokyo/A1319/A131906/13125976/,03-6915-1154
洋食 タンドタン,https://tabelog.com/tokyo/A1319/A131905/13075393/,03-5397-1243
じゃんぼ総本店 荻窪駅前店,https://tabelog.com/tokyo/A1319/A131906/13155714/,03-3393-2255
むつみや,https://tabelog.com/tokyo/A1319/A131906/13065833/,03-3392-0406
レストラン ミュー,https://tabelog.com/tokyo/A1319/A131905/13153480/,03-3317-7278
とよんちのたまご 高円寺,https://tabelog.com/tokyo/A1319/A131904/13142846/,03-6383-2683
なりのて,https://tabelog.com/tokyo/A1319/A131905/13126124/,03-5356-9633
ケンタッキーフライドチキン 高円寺店,https://tabelog.com/tokyo/A1319/A131904/13124779/,03-5373-7281
やきとん 野方屋,https://tabelog.com/tokyo/A1319/A131904/13110204/,03-3310-5225
マルトーヴァ,https://tabelog.com/tokyo/A1319/A131904/13159276/,03-6454-6917
串かつ ココロ,https://tabelog.com/tokyo/A1319/A131904/13199009/,03-5913-7926
マコマモン,https://tabelog.com/tokyo/A1319/A131905/13186542/,090-1772-4462
ホルモン食堂,https://tabelog.com/tokyo/A1319/A131904/13148389/,03-6454-6522
きど藤,https://tabelog.com/tokyo/A1319/A131904/13149764/,03-6312-5373
旬ものと日本酒 とみ笑,https://tabelog.com/tokyo/A1319/A131906/13169655/,03-3392-7002
りぼん,https://tabelog.com/tokyo/A1319/A131907/13159540/,03-3331-9726
コウラボシ,https://tabelog.com/tokyo/A1321/A132104/13127562/,03-3397-7722
じゃじゃ麺屋 熊一,https://tabelog.com/tokyo/A1319/A131904/13196459/,03-5913-8809
ジェネラルワラント,https://tabelog.com/tokyo/A1319/A131906/13144657/,03-6276-9611
わか松,https://tabelog.com/tokyo/A1319/A131905/13081254/,03-3338-4888
孤高,https://tabelog.com/tokyo/A1318/A131809/13164010/,03-3306-2339
カー サオレ,https://tabelog.com/tokyo/A1319/A131904/13196107/,03-3223-1933
浴風会 第三南陽園レストラン,https://tabelog.com/tokyo/A1318/A131806/13126519/,03-3334-2193
シャトーまるご,https://tabelog.com/tokyo/A1319/A131905/13138356/,03-5327-5305
モスバーガー 高円寺北口店,https://tabelog.com/tokyo/A1319/A131904/13186076/,03-3330-6530
ゲンロ＆カフェ,https://tabelog.com/tokyo/A1321/A132105/13059967/,070-5580-6626
鳥もと 2号店,https://tabelog.com/tokyo/A1319/A131906/13109606/,03-3391-1541
ペルーシュ,https://tabelog.com/tokyo/A1319/A131907/13185176/,不明の為情報お待ちしております
蛇の目鮨,https://tabelog.com/tokyo/A1319/A131906/13071282/,03-3390-5780
ステーキのくいしんぼ 阿佐ヶ谷南口店,https://tabelog.com/tokyo/A1319/A131905/13085401/,03-5397-0038
J.TAGAMiN  たがみん,https://tabelog.com/tokyo/A1319/A131905/13143177/,03-6315-6522
どんぐり舎,https://tabelog.com/tokyo/A1319/A131907/13012922/,03-3395-0399
名代 富士そば 荻窪北口店,https://tabelog.com/tokyo/A1319/A131906/13142749/,03-3398-3511
かわしまや,https://tabelog.com/tokyo/A1318/A131809/13011673/,03-3302-5682
高円寺 餃子BAR Shinya麺,https://tabelog.com/tokyo/A1319/A131904/13118274/,03-5306-7405
海鮮三崎港 高円寺パル商店街店,https://tabelog.com/tokyo/A1319/A131904/13126886/,03-5305-3920
AT cafe,https://tabelog.com/tokyo/A1319/A131904/13035015/,03-3310-2011
京樽 下井草,https://tabelog.com/tokyo/A1321/A132104/13171509/,03-3397-0466
高田食堂,https://tabelog.com/tokyo/A1319/A131904/13127322/,03-6768-2427
肉のコセキ,https://tabelog.com/tokyo/A1321/A132104/13141415/,03-3390-8836
中華食堂 一番館 高円寺店,https://tabelog.com/tokyo/A1319/A131904/13112759/,03-5327-3328
ファンキーチキン,https://tabelog.com/tokyo/A1318/A131805/13000706/,03-3329-7353
シロバコ,https://tabelog.com/tokyo/A1319/A131905/13173751/,03-5356-9100
四文屋 高円寺ガード下店,https://tabelog.com/tokyo/A1319/A131904/13011814/,03-3330-7273
喫茶 レモンの木,https://tabelog.com/tokyo/A1318/A131805/13011746/,03-3316-6753
ビリーズバーゴールドスター,https://tabelog.com/tokyo/A1321/A132104/13054663/,03-3301-3992
居酒屋　おざ,https://tabelog.com/tokyo/A1319/A131906/13208222/,03-5335-7040
にくのくに,https://tabelog.com/tokyo/A1319/A131906/13139153/,03-6383-5298
庄や 西永福駅前店,https://tabelog.com/tokyo/A1318/A131805/13072905/,03-3325-3128
ロホ アミーゴキッチン,https://tabelog.com/tokyo/A1319/A131904/13091751/,03-6304-9451
魚民 下井草南口駅前店,https://tabelog.com/tokyo/A1321/A132104/13113859/,03-3390-0488
バラト,https://tabelog.com/tokyo/A1319/A131903/13096148/,03-3314-2788
風神亭,https://tabelog.com/tokyo/A1319/A131907/13006649/,03-3333-6033
松屋 久我山店,https://tabelog.com/tokyo/A1318/A131806/13118296/,03-5336-0825
魚津 荻窪北口店,https://tabelog.com/tokyo/A1319/A131906/13011040/,03-3220-2068
BECK'S COFFEE SHOP 高円寺店,https://tabelog.com/tokyo/A1319/A131904/13026615/,03-5327-3751
アンティークスカフェ,https://tabelog.com/tokyo/A1319/A131905/13167462/,03-5364-9212
地方創生酒場 斧山,https://tabelog.com/tokyo/A1319/A131905/13188538/,03-5356-6325
ドトールコーヒーショップ 久我山店,https://tabelog.com/tokyo/A1318/A131806/13086764/,03-3335-4337
ことどん,https://tabelog.com/tokyo/A1319/A131904/13105564/,03-6805-5541
来集軒,https://tabelog.com/tokyo/A1321/A132104/13062444/,03-3396-8572
寛永堂 西荻窪店,https://tabelog.com/tokyo/A1319/A131907/13141844/,03-5303-5752
欧風カレー Y's cafe,https://tabelog.com/tokyo/A1319/A131907/13012918/,03-3394-1557
味噌一 高円寺本店,https://tabelog.com/tokyo/A1319/A131904/13004327/,03-5378-5020
宝楽,https://tabelog.com/tokyo/A1319/A131903/13062501/,03-3328-8690
BAR 1956,https://tabelog.com/tokyo/A1319/A131907/13165110/,03-5941-5596
寿々木屋,https://tabelog.com/tokyo/A1321/A132105/13082075/,03-3394-0141
パティスリー・ヒロヤ・ミナミサワ,https://tabelog.com/tokyo/A1319/A131907/13200798/,03-6913-5157
三浜屋,https://tabelog.com/tokyo/A1319/A131904/13069722/,03-3336-3472
タイフーン,https://tabelog.com/tokyo/A1319/A131904/13006601/,03-3316-2540
新宿さぼてん デリカ 方南銀座商店街店,https://tabelog.com/tokyo/A1319/A131903/13204267/,03-6383-2871
茶エンデ,https://tabelog.com/tokyo/A1319/A131907/13137677/,03-6796-9438
カドヤ 高円寺本店,https://tabelog.com/tokyo/A1319/A131904/13180609/,03-5913-9773
大衆酒場 寅圭,https://tabelog.com/tokyo/A1319/A131907/13120337/,03-3335-6708
立正佼成会食堂,https://tabelog.com/tokyo/A1319/A131903/13113762/,非公開
菊寿司,https://tabelog.com/tokyo/A1319/A131907/13092501/,03-3390-0616
すき家 荻窪駅西口店,https://tabelog.com/tokyo/A1319/A131906/13149339/,非公開
やきとり チキチキ,https://tabelog.com/tokyo/A1321/A132104/13164767/,03-6313-6185
山路,https://tabelog.com/tokyo/A1318/A131809/13151339/,03-3321-8733
ビーイン,https://tabelog.com/tokyo/A1319/A131907/13166426/,03-3395-6419
千成,https://tabelog.com/tokyo/A1318/A131806/13075341/,03-3331-9401
織戀路,https://tabelog.com/tokyo/A1319/A131906/13167713/,03-3392-0730
中華そば つけ麺 甲斐,https://tabelog.com/tokyo/A1318/A131806/13038404/,03-3335-8033
光苑じ,https://tabelog.com/tokyo/A1319/A131904/13152023/,03-5929-7255
神戸屋キッチン ルミネ荻窪店,https://tabelog.com/tokyo/A1319/A131906/13111101/,03-5347-0430
団喜,https://tabelog.com/tokyo/A1319/A131906/13200293/,03-3398-6250
炭火焼鳥ごいち,https://tabelog.com/tokyo/A1319/A131906/13183314/,03-5397-5580
創美味,https://tabelog.com/tokyo/A1319/A131905/13069197/,03-3336-7990
キムラカン,https://tabelog.com/tokyo/A1319/A131907/13013602/,03-3395-7880
おかめ,https://tabelog.com/tokyo/A1321/A132104/13079830/,03-3395-5904
オリジン弁当 阿佐ヶ谷店,https://tabelog.com/tokyo/A1319/A131905/13129916/,03-5305-3356
増田屋,https://tabelog.com/tokyo/A1321/A132104/13068296/,03-3396-0938
プティ・コトン,https://tabelog.com/tokyo/A1318/A131805/13151553/,03-6383-1855
喫茶室ルノアール 高円寺北口駅前店,https://tabelog.com/tokyo/A1319/A131904/13107033/,03-3336-1264
門一,https://tabelog.com/tokyo/A1319/A131904/13077256/,03-3336-3380
宝寿司,https://tabelog.com/tokyo/A1319/A131905/13072221/,03-3311-2233
増寿司,https://tabelog.com/tokyo/A1318/A131809/13071803/,03-3302-1021
ごはんや 魚正,https://tabelog.com/tokyo/A1319/A131907/13207419/,03-3332-3222
てんぷら祥天,https://tabelog.com/tokyo/A1319/A131906/13182799/,03-6279-9199
トゥー ハンズ,https://tabelog.com/tokyo/A1319/A131906/13200353/,03-6913-9385
サミット 西永福店,https://tabelog.com/tokyo/A1318/A131805/13158745/,03-3324-9811
蹴球乃瀧,https://tabelog.com/tokyo/A1319/A131904/13198539/,03-6670-7790
鮨 波やし,https://tabelog.com/tokyo/A1319/A131904/13070215/,非公開
東軒,https://tabelog.com/tokyo/A1318/A131806/13062455/,03-3332-4703
セブンイレブン 杉並清水三丁目店,https://tabelog.com/tokyo/A1321/A132105/13207443/,03-3399-5212
ポポラーレ,https://tabelog.com/tokyo/A1319/A131904/13020638/,""
ジョナサン 杉並梅里店,https://tabelog.com/tokyo/A1319/A131904/13136240/,03-5305-7097
辛風,https://tabelog.com/tokyo/A1319/A131905/13040575/,03-3220-9552
魚屋路 下高井戸店,https://tabelog.com/tokyo/A1318/A131809/13022369/,03-5374-7250
福利亭 荻窪店,https://tabelog.com/tokyo/A1319/A131906/13041538/,不明の為情報お待ちしております
サンエトワール ベーカリー＆カフェ 南阿佐ヶ谷店,https://tabelog.com/tokyo/A1319/A131905/13087878/,03-3392-2801
すき家 西荻窪駅前店,https://tabelog.com/tokyo/A1319/A131907/13113509/,非公開
成都,https://tabelog.com/tokyo/A1319/A131904/13060444/,03-3318-2234
ゆき椿,https://tabelog.com/tokyo/A1319/A131906/13179530/,03-6279-9850
ホルモン道場 寄り本舗 阿佐ヶ谷店,https://tabelog.com/tokyo/A1319/A131905/13036733/,03-5335-4919
ぶどうの木＆鎌倉座 阿佐ヶ谷店,https://tabelog.com/tokyo/A1319/A131905/13111625/,03-3316-0380
まる 高円寺南店,https://tabelog.com/tokyo/A1319/A131904/13165740/,03-5377-0017
ショットバー　タウザー,https://tabelog.com/tokyo/A1319/A131907/13133106/,03-5346-1299
カリーナ,https://tabelog.com/tokyo/A1321/A132105/13054645/,03-3301-3488
きざん,https://tabelog.com/tokyo/A1319/A131906/13063830/,03-3331-6301
肉汁餃子製作所ダンダダン酒場 久我山店,https://tabelog.com/tokyo/A1318/A131806/13179805/,03-3334-7112
ポパイ,https://tabelog.com/tokyo/A1319/A131904/13172360/,03-3330-3724
アフター アワーズ,https://tabelog.com/tokyo/A1319/A131904/13030544/,03-3330-1556
いおり庵,https://tabelog.com/tokyo/A1318/A131806/13141704/,03-5370-1351
ひもの屋,https://tabelog.com/tokyo/A1319/A131905/13025542/,03-3223-8088
Ricreazione Sima,https://tabelog.com/tokyo/A1319/A131904/13174300/,03-6385-2121
吉野家 荻窪北口店,https://tabelog.com/tokyo/A1319/A131906/13201387/,03-6915-1243
ベジキッチン ルミネ荻窪,https://tabelog.com/tokyo/A1319/A131906/13151130/,03-6915-1107
パティシエ ジュン ホンマ 高円寺,https://tabelog.com/tokyo/A1319/A131904/13168722/,03-5307-8004
アブリ,https://tabelog.com/tokyo/A1319/A131904/13105562/,03-3338-5225
カフェ リーフレット,https://tabelog.com/tokyo/A1321/A132105/13190172/,03-3397-5685
ジャーメ ジャム,https://tabelog.com/tokyo/A1319/A131905/13052230/,03-3311-3223
文明堂 ルミネ荻窪店,https://tabelog.com/tokyo/A1319/A131906/13148619/,03-3398-0002
ラ・ヴォーリァマッタ 荻窪店,https://tabelog.com/tokyo/A1319/A131906/13001110/,03-3393-1801
しゃぶしゃぶ温野菜 荻窪店,https://tabelog.com/tokyo/A1319/A131906/13036455/,03-5347-2529
ピザ スタンド ポコ 荻窪店,https://tabelog.com/tokyo/A1319/A131906/13178664/,03-6915-1777
ドミノピザ 高井戸店,https://tabelog.com/tokyo/A1318/A131809/13142336/,03-3302-4111
カウボーイ 阿佐ヶ谷店,https://tabelog.com/tokyo/A1319/A131905/13045017/,03-5373-6330
キッチン オリジン 井荻店,https://tabelog.com/tokyo/A1321/A132105/13192119/,03-5303-1108
浜田山旭鮨,https://tabelog.com/tokyo/A1318/A131805/13072131/,03-3302-3561
ルスティカ菓子店,https://tabelog.com/tokyo/A1319/A131905/13167051/,03-5356-8856
四文屋 新高円寺店,https://tabelog.com/tokyo/A1319/A131904/13120350/,03-3318-8889
リディム,https://tabelog.com/tokyo/A1319/A131907/13131081/,03-5310-2282
Book Ｃafe SONGS,https://tabelog.com/tokyo/A1319/A131906/13011050/,03-3220-8758
ビストロ さて,https://tabelog.com/tokyo/A1319/A131907/13011818/,03-3331-1142
軼菁亭,https://tabelog.com/tokyo/A1319/A131905/13165071/,03-5356-2523
手打ちそば一栄,https://tabelog.com/tokyo/A1319/A131905/13011070/,03-3223-4459
プライベートスペースバー ストレングス,https://tabelog.com/tokyo/A1319/A131905/13188791/,03-5373-6688
皇鶏 高円寺,https://tabelog.com/tokyo/A1319/A131904/13174040/,03-5327-8890
どんぶり屋ぽん,https://tabelog.com/tokyo/A1319/A131904/13121683/,03-3313-7877
ケンタ,https://tabelog.com/tokyo/A1319/A131906/13138789/,03-6762-3121
酒巴 菜華,https://tabelog.com/tokyo/A1319/A131906/13089656/,03-6794-9182
れすとらんマツモト,https://tabelog.com/tokyo/A1319/A131904/13088981/,03-3318-2254
ちゃんぷる亭,https://tabelog.com/tokyo/A1318/A131806/13061424/,03-3247-3862
MASATONIK,https://tabelog.com/tokyo/A1319/A131905/13145563/,090-5024-2478
菓匠清閑院 下井草店,https://tabelog.com/tokyo/A1321/A132104/13145611/,03-5303-5688
ちゃぶ久cafe,https://tabelog.com/tokyo/A1319/A131906/13057757/,03-3391-7893
Lula,https://tabelog.com/tokyo/A1319/A131904/13146327/,03-3330-5744
エビス  八幡山店,https://tabelog.com/tokyo/A1318/A131809/13175489/,03-6379-6927
トラットリア エ ピッツェリア コニファー,https://tabelog.com/tokyo/A1318/A131806/13180118/,03-3247-2530
むさしの,https://tabelog.com/tokyo/A1319/A131904/13067363/,03-3311-3412
ビストロ プティ コション,https://tabelog.com/tokyo/A1319/A131906/13168507/,03-6276-9139
銀座コージーコーナー 西友荻窪,https://tabelog.com/tokyo/A1319/A131906/13173716/,03-3393-1151
シン,https://tabelog.com/tokyo/A1319/A131906/13079303/,03-3392-2503
やきとり道場 荻窪西口店,https://tabelog.com/tokyo/A1319/A131906/13208099/,03-5347-9305
BASKET　CLUB,https://tabelog.com/tokyo/A1318/A131805/13054214/,03-3329-0018
ローカル ヒルズ,https://tabelog.com/tokyo/A1318/A131806/13190985/,03-6761-8800
Cafe ふうらい,https://tabelog.com/tokyo/A1319/A131906/13191782/,03-3398-1378
酉の,https://tabelog.com/tokyo/A1319/A131906/13054258/,03-5856-2070
カフェ ロッソ,https://tabelog.com/tokyo/A1319/A131905/13172753/,03-6323-3965
沖縄倉庫,https://tabelog.com/tokyo/A1319/A131905/13198853/,03-5306-0776
バグリーン 東高円寺店,https://tabelog.com/tokyo/A1319/A131904/13170290/,090-5281-6621
天すけ,https://tabelog.com/tokyo/A1319/A131904/13010553/,03-3223-8505
太陽食堂,https://tabelog.com/tokyo/A1319/A131904/13089345/,03-3316-6699
ビストロ猫の髭,https://tabelog.com/tokyo/A1319/A131905/13132100/,070-6668-4688
NORTH,https://tabelog.com/tokyo/A1318/A131805/13022766/,03-3316-3003
松月,https://tabelog.com/tokyo/A1318/A131806/13011838/,03-3334-7385
チルミーカフェ,https://tabelog.com/tokyo/A1319/A131907/13143561/,03-6913-9275
なかむら珈琲店,https://tabelog.com/tokyo/A1319/A131904/13086950/,03-3338-3222
心ごはんー福福,https://tabelog.com/tokyo/A1319/A131904/13117135/,03-6796-9729
アロウ,https://tabelog.com/tokyo/A1319/A131905/13208594/,不明の為情報お待ちしております
福吉,https://tabelog.com/tokyo/A1319/A131905/13110151/,03-3312-8895
太福,https://tabelog.com/tokyo/A1319/A131905/13062431/,03-3338-8327
八五郎,https://tabelog.com/tokyo/A1318/A131805/13064500/,03-3302-0856
豚や,https://tabelog.com/tokyo/A1319/A131907/13018776/,03-6762-7665
赤のれん,https://tabelog.com/tokyo/A1319/A131906/13084150/,03-3398-5829
三浦屋 永福店,https://tabelog.com/tokyo/A1318/A131805/13162498/,03-5300-8011
ベックスコーヒーショップ 荻窪店,https://tabelog.com/tokyo/A1319/A131906/13127238/,03-5397-8438
バーテンポイント,https://tabelog.com/tokyo/A1319/A131904/13146154/,03-3314-6626
モスバーガー R20桜上水店,https://tabelog.com/tokyo/A1318/A131809/13060328/,03-3303-1919
牛繁 荻窪店,https://tabelog.com/tokyo/A1319/A131906/13036478/,03-5347-3616
ザ・ロータス,https://tabelog.com/tokyo/A1319/A131904/13199334/,03-5378-7557
トラットリア　ピエモンテ 荻窪南口店,https://tabelog.com/tokyo/A1319/A131906/13001128/,03-3398-0668
叙々苑,https://tabelog.com/tokyo/A1318/A131805/13066692/,03-3316-8434
築地銀だこ 西友西荻窪店,https://tabelog.com/tokyo/A1319/A131907/13078555/,03-5303-8730
TIME FLIES,https://tabelog.com/tokyo/A1319/A131907/13059017/,03-5370-3456
つきよの,https://tabelog.com/tokyo/A1319/A131907/13084159/,03-3331-0430
ZZYZX,https://tabelog.com/tokyo/A1319/A131906/13055226/,03-3393-3969
稲毛屋 井荻,https://tabelog.com/tokyo/A1321/A132105/13141414/,03-3394-2552
五右衛門 荻窪店,https://tabelog.com/tokyo/A1319/A131906/13120508/,03-3391-9606
Petit Marche L’ATELIER,https://tabelog.com/tokyo/A1319/A131907/13203613/,03-5941-3285
二九,https://tabelog.com/tokyo/A1319/A131904/13141920/,03-3318-3075
日本橋 山喜多 八幡山総本店,https://tabelog.com/tokyo/A1318/A131809/13195812/,03-6379-8990
あおい寿司,https://tabelog.com/tokyo/A1319/A131906/13070128/,03-3395-3075
ありん堂,https://tabelog.com/tokyo/A1319/A131905/13125044/,03-3339-8077
インド･ネパール料理 マナカマナ,https://tabelog.com/tokyo/A1319/A131906/13201100/,03-6915-1727
ＴＡＯ,https://tabelog.com/tokyo/A1319/A131904/13122975/,03-6383-0445
味楽,https://tabelog.com/tokyo/A1319/A131903/13062507/,03-3383-4585
築地日本海 阿佐ヶ谷店,https://tabelog.com/tokyo/A1319/A131905/13101255/,03-5307-0207
更科 そば店,https://tabelog.com/tokyo/A1319/A131904/13074124/,03-3311-1677
ききゅう,https://tabelog.com/tokyo/A1319/A131906/13057179/,03-3391-7930
明神丸,https://tabelog.com/tokyo/A1319/A131904/13075514/,03-3311-3001
三平ストア 高円寺店,https://tabelog.com/tokyo/A1319/A131904/13193663/,03-3315-1829
天ぷら 小宮山,https://tabelog.com/tokyo/A1319/A131904/13204275/,03-5356-7377
元茶屋,https://tabelog.com/tokyo/A1319/A131905/13084124/,03-3310-0990
アルカフェ,https://tabelog.com/tokyo/A1319/A131906/13139459/,03-3391-2046
ミニストップ 杉並成田西店,https://tabelog.com/tokyo/A1319/A131905/13185601/,03-5306-1838
夢,https://tabelog.com/tokyo/A1319/A131904/13076498/,03-3339-5262
五弦,https://tabelog.com/tokyo/A1319/A131904/13174048/,03-5929-7859
コメドール サルー,https://tabelog.com/tokyo/A1318/A131805/13186275/,03-3329-3588
きよ香,https://tabelog.com/tokyo/A1319/A131904/13006672/,03-3339-5722
なべ鉄,https://tabelog.com/tokyo/A1319/A131903/13146371/,0066-9712-622715
ケンタッキーフライドチキン 永福町店,https://tabelog.com/tokyo/A1318/A131805/13109121/,03-5376-7161
cafe fresco,https://tabelog.com/tokyo/A1319/A131905/13046403/,03-5397-6267
コンドル,https://tabelog.com/tokyo/A1319/A131906/13075969/,03-3398-2045
西荻銀座惣菜店,https://tabelog.com/tokyo/A1319/A131907/13136261/,03-3390-1106
果琳 阿佐ヶ谷ダイヤ街店,https://tabelog.com/tokyo/A1319/A131905/13170304/,非公開
ベニヤカフェ,https://tabelog.com/tokyo/A1319/A131905/13011745/,03-3316-6685
築地 魚きん ルミネ荻窪店,https://tabelog.com/tokyo/A1319/A131906/13117421/,03-3392-1147
田毎,https://tabelog.com/tokyo/A1319/A131907/13022817/,03-3331-1241
コルシカ,https://tabelog.com/tokyo/A1319/A131904/13177733/,03-3317-3112
ホノホノカフェ,https://tabelog.com/tokyo/A1319/A131904/13142316/,03-3318-5100
美味しんぼ,https://tabelog.com/tokyo/A1321/A132105/13070004/,03-3395-7115
ゲラゲラ 阿佐ヶ谷店,https://tabelog.com/tokyo/A1319/A131905/13152749/,03-3317-1404
宮川鶏肉店,https://tabelog.com/tokyo/A1319/A131903/13178348/,03-3313-4669
大衆焼肉 牛骨頂 高円寺店,https://tabelog.com/tokyo/A1319/A131904/13196692/,03-5356-8404
銀のさら 高井戸店,https://tabelog.com/tokyo/A1318/A131809/13142471/,03-5301-2141
麺屋 正路,https://tabelog.com/tokyo/A1319/A131906/13186362/,03-3398-1293
LALE,https://tabelog.com/tokyo/A1319/A131904/13171725/,03-3223-8060
綱べこ,https://tabelog.com/tokyo/A1319/A131907/13164413/,03-5941-5746
らーめん いろはや,https://tabelog.com/tokyo/A1319/A131905/13194439/,不明の為情報お待ちしております
CQL,https://tabelog.com/tokyo/A1318/A131805/13026311/,03-3322-8686
spile,https://tabelog.com/tokyo/A1319/A131905/13143067/,03-6317-7282
SEN YO,https://tabelog.com/tokyo/A1319/A131904/13135036/,03-6382-5320
天丼 さく,https://tabelog.com/tokyo/A1319/A131905/13176196/,03-6279-9344
あるぽらん’８９,https://tabelog.com/tokyo/A1319/A131905/13020132/,03-3330-8341
中華 丸伸,https://tabelog.com/tokyo/A1318/A131808/13006626/,03-3328-3651
クラヴィーア,https://tabelog.com/tokyo/A1319/A131905/13013592/,03-3393-0418
アンセン,https://tabelog.com/tokyo/A1319/A131907/13046075/,03-5382-8660
とらや椿山,https://tabelog.com/tokyo/A1319/A131905/13042203/,03-3314-1331
かみや,https://tabelog.com/tokyo/A1319/A131906/13013596/,03-3393-2963
和芳,https://tabelog.com/tokyo/A1319/A131906/13070105/,03-3391-5559
ドトールコーヒーショップ 浜田山店,https://tabelog.com/tokyo/A1318/A131805/13086911/,03-5316-2777
米の子,https://tabelog.com/tokyo/A1319/A131907/13085247/,03-3390-1276
串江戸,https://tabelog.com/tokyo/A1318/A131805/13115885/,03-3323-8160
かつヰ,https://tabelog.com/tokyo/A1319/A131906/13184235/,03-6279-9025
肉問屋直営 焼肉 肉一,https://tabelog.com/tokyo/A1319/A131904/13150430/,03-5373-6288
ことり,https://tabelog.com/tokyo/A1318/A131805/13058317/,03-3302-7256
ディーケー サジ,https://tabelog.com/tokyo/A1319/A131904/13163926/,03-6383-1960
創作和洋膳 ぱーる,https://tabelog.com/tokyo/A1318/A131809/13047794/,03-3329-8126
虎春屋 高円寺店,https://tabelog.com/tokyo/A1319/A131904/13201652/,03-6383-0380
cafe こはく,https://tabelog.com/tokyo/A1318/A131805/13180031/,03-6323-2566
銀座あけぼの 荻窪 ルミネ店,https://tabelog.com/tokyo/A1319/A131906/13122861/,03-3392-8885
門広,https://tabelog.com/tokyo/A1319/A131903/13083090/,03-3312-0289
手しおごはん 玄 阿佐ヶ谷店,https://tabelog.com/tokyo/A1319/A131905/13112969/,03-5364-9298
枡盛次郎,https://tabelog.com/tokyo/A1319/A131907/13174534/,03-5344-9905
BREAD BOARD,https://tabelog.com/tokyo/A1321/A132105/13059888/,03-3395-7408
桃栗さんねん柿はちねん　,https://tabelog.com/tokyo/A1319/A131906/13143318/,03-3220-1311
三晴食堂,https://tabelog.com/tokyo/A1319/A131904/13081944/,03-3337-7466
呑み食い処 そうか,https://tabelog.com/tokyo/A1319/A131906/13152769/,03-5335-7490
吉田,https://tabelog.com/tokyo/A1319/A131904/13062510/,03-3384-4549
らあめん花月嵐 東高円寺店,https://tabelog.com/tokyo/A1319/A131904/13152644/,03-3317-7270
ナン居酒屋,https://tabelog.com/tokyo/A1319/A131905/13203002/,03-5335-7218
アフロディーテ,https://tabelog.com/tokyo/A1319/A131904/13135284/,03-5913-9687
和真屋,https://tabelog.com/tokyo/A1319/A131904/13202136/,03-3330-9154
達吉,https://tabelog.com/tokyo/A1319/A131905/13163638/,03-5327-8741
タロ亭,https://tabelog.com/tokyo/A1319/A131907/13207891/,070-3343-1919
炭屋五兵衛 西荻窪店,https://tabelog.com/tokyo/A1319/A131907/13072938/,03-3335-0550
そらまめ本舗,https://tabelog.com/tokyo/A1319/A131903/13152692/,03-3316-6437
光陽楼,https://tabelog.com/tokyo/A1319/A131906/13062491/,03-3392-2929
永福町大勝軒,https://tabelog.com/tokyo/A1318/A131805/13011769/,03-3321-5048
HOAN,https://tabelog.com/tokyo/A1319/A131906/13174912/,03-5335-7785
下井草 青柳,https://tabelog.com/tokyo/A1321/A132104/13054655/,03-3399-4283
阪江屋,https://tabelog.com/tokyo/A1319/A131905/13071169/,03-3330-6226
雄旺,https://tabelog.com/tokyo/A1319/A131904/13131859/,03-3336-8248
天丼てんや 阿佐谷店,https://tabelog.com/tokyo/A1319/A131905/13085936/,03-5327-0281
マカロン エ ショコラ,https://tabelog.com/tokyo/A1319/A131907/13192234/,03-5941-6648
日本酒 羽流 善福寺,https://tabelog.com/tokyo/A1319/A131906/13195713/,03-6383-5377
レヴン,https://tabelog.com/tokyo/A1319/A131904/13141603/,03-5356-9061
オホーツク北見焼肉 のっけ,https://tabelog.com/tokyo/A1319/A131904/13184478/,03-6338-2844
ぎょうざ宝舞 西荻窪店,https://tabelog.com/tokyo/A1319/A131907/13162143/,03-6913-7724
モスバーガー 下井草駅店,https://tabelog.com/tokyo/A1321/A132104/13150141/,03-5303-4572
蕨や,https://tabelog.com/tokyo/A1319/A131904/13139321/,03-5913-9819
定食ハウス　やなぎや,https://tabelog.com/tokyo/A1319/A131904/13059361/,03-3338-4214
あもん,https://tabelog.com/tokyo/A1319/A131906/13044852/,03-3391-8351
オリジン弁当 高円寺店,https://tabelog.com/tokyo/A1319/A131904/13203516/,03-3310-8172
カラオケ館 高円寺北口店,https://tabelog.com/tokyo/A1319/A131904/13133957/,03-5327-6121
晩杯屋 高円寺純情店,https://tabelog.com/tokyo/A1319/A131904/13193778/,不明の為情報お待ちしております
萬福飯店,https://tabelog.com/tokyo/A1319/A131907/13012927/,03-3396-0666
鳥焼しん助,https://tabelog.com/tokyo/A1319/A131904/13064478/,03-3318-1229
Sakamaki,https://tabelog.com/tokyo/A1319/A131904/13045393/,03-3316-3546
喜田屋,https://tabelog.com/tokyo/A1319/A131907/13044291/,03-3390-8903
ライスハウス里,https://tabelog.com/tokyo/A1319/A131906/13143039/,03-3395-9149
ビストロシノワ YASMIN,https://tabelog.com/tokyo/A1319/A131907/13161422/,03-6913-5541
茶そば いな垣 ,https://tabelog.com/tokyo/A1318/A131805/13055168/,03-3313-1444
シェ ナーベ,https://tabelog.com/tokyo/A1319/A131905/13011049/,03-3220-8666
神戸屋レストラン 浜田山店,https://tabelog.com/tokyo/A1318/A131805/13006602/,03-3316-7411
カフェ ソラーレ Dila阿佐ヶ谷店,https://tabelog.com/tokyo/A1319/A131905/13134977/,03-5327-3277
大黒屋 吉祥寺店,https://tabelog.com/tokyo/A1318/A131806/13144870/,03-5336-6132
CoCo壱番屋 荻窪駅南口店,https://tabelog.com/tokyo/A1319/A131906/13057770/,03-3393-3851
博多中洲 ぢどり屋 荻窪店,https://tabelog.com/tokyo/A1319/A131906/13043737/,03-3392-9800
CURRY BAR シューベル,https://tabelog.com/tokyo/A1319/A131907/13166330/,070-5454-7501
バーンルンナンチャオ,https://tabelog.com/tokyo/A1319/A131907/13184538/,03-5941-7899
鉄土,https://tabelog.com/tokyo/A1319/A131906/13154983/,03-3220-3560
エル・ポルテゴ,https://tabelog.com/tokyo/A1319/A131904/13184634/,03-6304-9574
ずっけろ,https://tabelog.com/tokyo/A1318/A131805/13074433/,03-3328-7655
錦竜,https://tabelog.com/tokyo/A1319/A131903/13062503/,03-3313-6059
松隆,https://tabelog.com/tokyo/A1319/A131903/13074290/,03-3315-1227
ンガティル,https://tabelog.com/tokyo/A1319/A131904/13168813/,03-6383-1950
まこと家,https://tabelog.com/tokyo/A1318/A131806/13067333/,03-3333-9194
小料理みえ,https://tabelog.com/tokyo/A1318/A131805/13082172/,03-3328-4028
えび寿ベーグル,https://tabelog.com/tokyo/A1319/A131904/13201808/,不明の為情報お待ちしております
シュガー サケ アンド コーヒー,https://tabelog.com/tokyo/A1319/A131905/13197037/,03-6279-9451
いっ久どーなつ,https://tabelog.com/tokyo/A1319/A131906/13055216/,03-3220-1072
樹,https://tabelog.com/tokyo/A1319/A131905/13106749/,03-3398-0830
沙羅,https://tabelog.com/tokyo/A1319/A131906/13089211/,03-3392-8947
ポチコロベーグル,https://tabelog.com/tokyo/A1319/A131907/13124454/,03-5941-6492
四國 荻窪ルミネ店,https://tabelog.com/tokyo/A1319/A131906/13029505/,03-5335-5352
ナカニワ 新高円寺店,https://tabelog.com/tokyo/A1319/A131904/13198409/,03-5913-8428
はつね,https://tabelog.com/tokyo/A1319/A131907/13000717/,03-3333-8501
ファミリーマート 浜田山北店,https://tabelog.com/tokyo/A1318/A131805/13185765/,03-3329-4858
一期ひとしな もとやま,https://tabelog.com/tokyo/A1319/A131907/13157316/,03-6913-5301
松屋 高井戸店,https://tabelog.com/tokyo/A1318/A131806/13141994/,03-5336-8031
松屋 八幡山店,https://tabelog.com/tokyo/A1318/A131809/13170875/,03-5357-0235
清風堂,https://tabelog.com/tokyo/A1318/A131808/13111125/,03-3328-2381
ステーキのくいしんぼ 荻窪南口店,https://tabelog.com/tokyo/A1319/A131906/13085402/,03-3391-3384
香月,https://tabelog.com/tokyo/A1319/A131906/13081859/,03-3398-3891
甲斐 高円寺店,https://tabelog.com/tokyo/A1319/A131904/13182838/,03-6383-1236
上島珈琲店 阿佐ヶ谷店,https://tabelog.com/tokyo/A1319/A131905/13027461/,03-5305-5186
トリアノン Dila阿佐ヶ谷店,https://tabelog.com/tokyo/A1319/A131905/13136387/,03-3337-5030
井草ハンター,https://tabelog.com/tokyo/A1321/A132105/13109418/,03-5382-1335
ひかる鮨,https://tabelog.com/tokyo/A1319/A131904/13091202/,03-3316-7006
あぶりや,https://tabelog.com/tokyo/A1321/A132104/13054647/,03-3395-2901
カフェ オン ザ ルーフ,https://tabelog.com/tokyo/A1319/A131905/13182276/,03-6383-2616
キャトルヴァンヴァン,https://tabelog.com/tokyo/A1321/A132105/13142664/,03-6913-8162
すき家 東高円寺駅前店,https://tabelog.com/tokyo/A1319/A131904/13168710/,非公開
ヒサ,https://tabelog.com/tokyo/A1319/A131907/13080761/,03-3335-1297
おこのみばいせん処,https://tabelog.com/tokyo/A1319/A131904/13171576/,03-5913-8776
旬処竹林,https://tabelog.com/tokyo/A1319/A131904/13082117/,03-3314-1035
伊藤食品,https://tabelog.com/tokyo/A1319/A131906/13145430/,03-3399-0137
焼鳥 いがぐり,https://tabelog.com/tokyo/A1319/A131904/13114966/,03-3318-1389
鉄舟庵,https://tabelog.com/tokyo/A1319/A131904/13068642/,03-3314-4088
サルトリイバラ喫茶室,https://tabelog.com/tokyo/A1319/A131904/13203829/,03-6383-2826
てげ・てげ,https://tabelog.com/tokyo/A1318/A131805/13078775/,03-3316-9524
酒処 彦次郎,https://tabelog.com/tokyo/A1319/A131905/13011890/,03-3339-6576
炭火村,https://tabelog.com/tokyo/A1319/A131905/13159792/,03-6454-6264
肉の神戸屋,https://tabelog.com/tokyo/A1319/A131904/13139635/,03-3311-0721
銀のさら 荻窪店,https://tabelog.com/tokyo/A1319/A131905/13142445/,03-5327-3047
大蔵,https://tabelog.com/tokyo/A1319/A131906/13152042/,03-3391-5724
ローソン 松庵二丁目店,https://tabelog.com/tokyo/A1319/A131907/13180666/,03-5336-7231
三久,https://tabelog.com/tokyo/A1319/A131905/13153577/,03-3316-6743
オリジン弁当 方南町店,https://tabelog.com/tokyo/A1319/A131903/13146376/,03-5305-5861
西友 富士見ヶ丘店,https://tabelog.com/tokyo/A1318/A131806/13194489/,03-3335-3401
MYNT,https://tabelog.com/tokyo/A1319/A131904/13035148/,03-5377-2733
梅香,https://tabelog.com/tokyo/A1319/A131904/13082815/,03-3317-2890
たんたん亭 本店,https://tabelog.com/tokyo/A1318/A131805/13000705/,03-3329-4061
ゴディバ ルミネ荻窪店,https://tabelog.com/tokyo/A1319/A131906/13120879/,03-5347-4355
SLOPE,https://tabelog.com/tokyo/A1321/A132105/13146304/,070-6460-6626
たいが,https://tabelog.com/tokyo/A1319/A131906/13012903/,03-3391-7707
モモヤ,https://tabelog.com/tokyo/A1319/A131904/13107473/,03-5934-8675
ルフレ,https://tabelog.com/tokyo/A1318/A131805/13128759/,03-3325-1121
スプーン,https://tabelog.com/tokyo/A1319/A131907/13084164/,03-3397-9818
丸長 阿佐ヶ谷店,https://tabelog.com/tokyo/A1319/A131905/13036071/,03-3338-6464
創作亜細亜料理 よつ葉 2号店 桜上水店,https://tabelog.com/tokyo/A1318/A131809/13197137/,050-5317-3479
光林,https://tabelog.com/tokyo/A1318/A131805/13017281/,03-5305-4277
天王,https://tabelog.com/tokyo/A1319/A131904/13006603/,03-3316-8736
西荻食堂 ｙａｎａｇｉ,https://tabelog.com/tokyo/A1319/A131907/13017445/,03-5382-4388
いろりすずむら,https://tabelog.com/tokyo/A1321/A132105/13058941/,03-3395-9941
富士喜 荻窪店,https://tabelog.com/tokyo/A1319/A131906/13206292/,03-6383-5292
いきや,https://tabelog.com/tokyo/A1321/A132105/13156466/,03-6768-1198
肴や小兵衛,https://tabelog.com/tokyo/A1319/A131904/13081899/,03-3336-8235
さつまや 阿佐谷店,https://tabelog.com/tokyo/A1319/A131905/13072870/,03-3315-2612
旭鮨総本店 ルミネ荻窪店,https://tabelog.com/tokyo/A1319/A131906/13027326/,03-5335-5033
ヨロコビto Gallery Cafe ArtCard,https://tabelog.com/tokyo/A1319/A131907/13195000/,03-5941-7686
ジャパメタBAR 龍の隠れ家,https://tabelog.com/tokyo/A1319/A131904/13203849/,03-5327-8505
デイリーヤマザキ 松庵3丁目店,https://tabelog.com/tokyo/A1319/A131907/13161863/,03-3331-5481
珈琲吾妻,https://tabelog.com/tokyo/A1319/A131904/13089620/,03-3311-1874
ナチュラルひなの,https://tabelog.com/tokyo/A1319/A131907/13170146/,03-3390-8121
高橋菓子店,https://tabelog.com/tokyo/A1319/A131907/13151361/,03-3332-8264
ライム ライト,https://tabelog.com/tokyo/A1318/A131806/13087194/,03-3333-9078
鉢の木 阿佐ヶ谷本店,https://tabelog.com/tokyo/A1319/A131905/13098306/,03-3311-6917
魚問屋 魚政宗 荻窪,https://tabelog.com/tokyo/A1319/A131906/13182459/,03-6915-1656
坂ぐち,https://tabelog.com/tokyo/A1319/A131906/13158548/,03-3393-4564
じゅうぞう,https://tabelog.com/tokyo/A1319/A131905/13129752/,03-5356-7166
すためし 荻窪店,https://tabelog.com/tokyo/A1319/A131906/13174535/,080-5986-4610
珈琲の店 来夢来人 ,https://tabelog.com/tokyo/A1318/A131808/13103032/,03-3324-6217
Bar Co-ya,https://tabelog.com/tokyo/A1319/A131906/13115840/,03-3398-9556
青松,https://tabelog.com/tokyo/A1319/A131905/13184895/,03-6265-5878
稲毛屋,https://tabelog.com/tokyo/A1318/A131805/13081365/,03-3321-7150
豊年屋,https://tabelog.com/tokyo/A1319/A131905/13059540/,03-3311-0722
朝陽,https://tabelog.com/tokyo/A1319/A131905/13062432/,03-3339-4650
しんぽ,https://tabelog.com/tokyo/A1319/A131907/13017401/,03-5370-1668
クシアゲサンニーキューパーティーズ,https://tabelog.com/tokyo/A1321/A132104/13181849/,03-6337-1335
ちょい呑み いそちゃん,https://tabelog.com/tokyo/A1318/A131806/13054838/,03-5336-3635
アンテンドゥ 高井戸店,https://tabelog.com/tokyo/A1318/A131806/13042601/,03-5346-1184
筑前屋,https://tabelog.com/tokyo/A1319/A131904/13063660/,03-5306-6040
KUU,https://tabelog.com/tokyo/A1319/A131907/13190925/,03-3333-2553
TOPOS,https://tabelog.com/tokyo/A1319/A131907/13169752/,03-5370-0770
バー　ブロッサム,https://tabelog.com/tokyo/A1319/A131907/13122392/,03-3247-1652
二代目鳥七,https://tabelog.com/tokyo/A1319/A131906/13064472/,050-5896-7999
すき家 西永福店,https://tabelog.com/tokyo/A1318/A131805/13183489/,非公開
高井戸倶楽部,https://tabelog.com/tokyo/A1318/A131809/13045004/,03-3323-3831
コクテイル,https://tabelog.com/tokyo/A1319/A131904/13061542/,03-3310-8130
庄や 久我山店,https://tabelog.com/tokyo/A1318/A131806/13072891/,03-3331-3181
フェルマータ,https://tabelog.com/tokyo/A1318/A131805/13109737/,03-3324-3831
とうりゃんせ,https://tabelog.com/tokyo/A1319/A131906/13047129/,03-3393-2137
とりかず,https://tabelog.com/tokyo/A1319/A131907/13064057/,03-3332-7388
吟遊詩人,https://tabelog.com/tokyo/A1319/A131906/13042194/,03-5335-6362
アジアン ダイニング ヨロコビ,https://tabelog.com/tokyo/A1319/A131907/13195325/,03-3397-1344
麺や 天鳳 西荻窪店,https://tabelog.com/tokyo/A1319/A131907/13171856/,03-5336-7870
STAND 高円寺店,https://tabelog.com/tokyo/A1319/A131904/13175942/,050-1316-1883
ステーキ&とんかつ 宕,https://tabelog.com/tokyo/A1319/A131904/13044866/,03-3330-1716
大和や,https://tabelog.com/tokyo/A1318/A131806/13140071/,03-3333-5468
ときわランチ,https://tabelog.com/tokyo/A1319/A131906/13134867/,03-3394-6963
CAFE MARU,https://tabelog.com/tokyo/A1319/A131905/13111912/,非公開
あげ焼きパン 象の耳 阿佐ヶ谷アニメストリート店,https://tabelog.com/tokyo/A1319/A131905/13172607/,不明の為情報お待ちしております
うどん・そば桂,https://tabelog.com/tokyo/A1319/A131904/13134124/,03-3337-8363
松丸精肉店,https://tabelog.com/tokyo/A1319/A131906/13196042/,03-3392-0772
トラゲット,https://tabelog.com/tokyo/A1319/A131904/13146328/,03-5356-8862
藤兵衛 ルミネ荻窪店,https://tabelog.com/tokyo/A1319/A131906/13135976/,03-5397-0599
サバイディー,https://tabelog.com/tokyo/A1319/A131905/13175463/,03-6383-2566
ドギーブギー,https://tabelog.com/tokyo/A1319/A131904/13054908/,03-3317-2806
川口屋,https://tabelog.com/tokyo/A1319/A131905/13190217/,03-3311-1631
ベーカリー兎座LEPUS,https://tabelog.com/tokyo/A1319/A131904/13206001/,不明の為情報お待ちしております
豊島屋,https://tabelog.com/tokyo/A1319/A131904/13132331/,03-3336-3272
おふくろの味かわちゃん,https://tabelog.com/tokyo/A1319/A131903/13074552/,03-3312-0125
明洞サゴリ,https://tabelog.com/tokyo/A1321/A132105/13178549/,03-5303-9868
大陸飯店,https://tabelog.com/tokyo/A1319/A131905/13073638/,03-3398-9375
唐揚げ まるから,https://tabelog.com/tokyo/A1319/A131904/13114951/,03-5373-8191
いち彌,https://tabelog.com/tokyo/A1318/A131805/13058446/,03-3324-9360
寿庵,https://tabelog.com/tokyo/A1319/A131907/13178269/,03-3399-8419
サミット 久我山店,https://tabelog.com/tokyo/A1318/A131806/13169190/,03-3334-6201
ラーメン　ほづみ亭,https://tabelog.com/tokyo/A1318/A131806/13139902/,03-3334-5170
エル・ボン・ヴィーノ,https://tabelog.com/tokyo/A1319/A131907/13095381/,03-3399-7277
シュガーローゼ 本店,https://tabelog.com/tokyo/A1319/A131905/13000669/,03-3315-4546
アケタの店,https://tabelog.com/tokyo/A1319/A131907/13164757/,03-3395-9507
ヤルクコーヒー,https://tabelog.com/tokyo/A1318/A131805/13162650/,03-6379-1313
CatRoom こるね,https://tabelog.com/tokyo/A1319/A131906/13111502/,03-3391-7733
健康食卓わしや 西荻窪店,https://tabelog.com/tokyo/A1319/A131907/13139256/,0120-048-205
大古久,https://tabelog.com/tokyo/A1319/A131905/13011815/,03-3330-7530
クラッシュビーン,https://tabelog.com/tokyo/A1319/A131907/13103948/,03-6454-7221
喜久屋水産,https://tabelog.com/tokyo/A1319/A131904/13182030/,03-3316-0343
メルベイユ洋菓子店,https://tabelog.com/tokyo/A1319/A131904/13044762/,03-3314-2955
肉処　さとう,https://tabelog.com/tokyo/A1319/A131906/13138204/,03-3391-3315
ひらくら,https://tabelog.com/tokyo/A1319/A131904/13175102/,03-6454-6406
バーボンハウス,https://tabelog.com/tokyo/A1319/A131904/13050587/,03-6750-8233
ペンギン カフェ,https://tabelog.com/tokyo/A1319/A131905/13191064/,03-5356-8494
スリー,https://tabelog.com/tokyo/A1319/A131904/13200728/,03-3313-3688
小松庵,https://tabelog.com/tokyo/A1319/A131906/13054239/,03-3391-0596
JANIS,https://tabelog.com/tokyo/A1319/A131905/13181759/,03-3336-0339
吉野家 方南町店,https://tabelog.com/tokyo/A1319/A131903/13101763/,03-5305-6510
皇蘭,https://tabelog.com/tokyo/A1319/A131906/13011839/,03-3335-0005
串朗,https://tabelog.com/tokyo/A1319/A131904/13093150/,非公開
コーヒー タンデム,https://tabelog.com/tokyo/A1319/A131904/13191108/,03-5913-7897
麺尊RAGE,https://tabelog.com/tokyo/A1319/A131907/13178309/,非公開
興華,https://tabelog.com/tokyo/A1321/A132105/13062470/,03-3397-4060
カドヤ,https://tabelog.com/tokyo/A1319/A131904/13147833/,03-5356-7003
ナマステヒマール,https://tabelog.com/tokyo/A1319/A131905/13144286/,03-5373-3070
大陸バー 彦六,https://tabelog.com/tokyo/A1319/A131904/13108108/,03-3336-5153
またたび家,https://tabelog.com/tokyo/A1318/A131805/13162218/,03-5357-8467
ごちそう史庵,https://tabelog.com/tokyo/A1319/A131907/13026133/,03-3394-8081
ミピアーチェ,https://tabelog.com/tokyo/A1319/A131906/13157209/,03-6913-6120
桃太郎すし ＰＡＲＴⅡ,https://tabelog.com/tokyo/A1319/A131904/13096383/,03-3336-0465
100時間カレーＢ＆Ｒ 高円寺店,https://tabelog.com/tokyo/A1319/A131904/13201112/,03-5356-9426
金竜,https://tabelog.com/tokyo/A1319/A131907/13062486/,03-3396-4103
くらしのアトリエ ひらや,https://tabelog.com/tokyo/A1319/A131904/13145066/,03-3387-4846
鮨 なんば,https://tabelog.com/tokyo/A1319/A131905/13127515/,03-3391-3118
鳥伊勢 東高円寺店,https://tabelog.com/tokyo/A1319/A131904/13023825/,03-3312-1915
萬龍軒 荻窪店,https://tabelog.com/tokyo/A1319/A131906/13039464/,03-3220-7341
マスタッシュ,https://tabelog.com/tokyo/A1319/A131906/13178193/,03-6762-8451
ツバキ,https://tabelog.com/tokyo/A1319/A131905/13129683/,03-5364-9989
安田屋,https://tabelog.com/tokyo/A1319/A131907/13044556/,03-3333-5505
オンウェル,https://tabelog.com/tokyo/A1318/A131808/13175632/,03-6265-8595
藤だこ 高円寺店,https://tabelog.com/tokyo/A1319/A131904/13181426/,03-3316-0050
松月庵,https://tabelog.com/tokyo/A1319/A131906/13068137/,03-3390-3437
ホープ軒本舗 杉並店,https://tabelog.com/tokyo/A1319/A131904/13056237/,03-3316-5728
仁大飯店,https://tabelog.com/tokyo/A1319/A131905/13167476/,03-3315-1147
武蔵野茶房 西荻窪ケーキショップ,https://tabelog.com/tokyo/A1319/A131907/13153595/,03-5382-3550
荻窪 成田屋,https://tabelog.com/tokyo/A1319/A131906/13190867/,03-3393-3465
グルトン,https://tabelog.com/tokyo/A1319/A131905/13000670/,03-3316-2461
どんく,https://tabelog.com/tokyo/A1319/A131906/13074747/,03-3220-1080
麓屋,https://tabelog.com/tokyo/A1318/A131805/13077295/,03-3324-1593
大戸屋 荻窪西口店,https://tabelog.com/tokyo/A1319/A131906/13086331/,03-5347-5085
笑笑 下高井戸北口駅前店,https://tabelog.com/tokyo/A1318/A131809/13085536/,03-3324-9688
ビフテキ屋 まるり,https://tabelog.com/tokyo/A1319/A131906/13039039/,03-3398-7559
カフェ クロスポイント,https://tabelog.com/tokyo/A1319/A131904/13128507/,03-5356-7407
風風ラーメン 高円寺南口店,https://tabelog.com/tokyo/A1319/A131904/13101842/,03-3318-2214
和の台所　ぼっちり,https://tabelog.com/tokyo/A1321/A132105/13091063/,03-5382-8851
廃墟,https://tabelog.com/tokyo/A1319/A131904/13153131/,03-5929-9967
ガスト 高井戸店,https://tabelog.com/tokyo/A1318/A131806/13085185/,03-5370-7049
明月館,https://tabelog.com/tokyo/A1319/A131907/13037652/,03-3332-2646
ハナイグチ,https://tabelog.com/tokyo/A1318/A131806/13172820/,03-5941-9226
串焼き 太田,https://tabelog.com/tokyo/A1319/A131906/13108053/,03-3332-9588
沖縄倉庫,https://tabelog.com/tokyo/A1319/A131905/13102826/,""
はせ川,https://tabelog.com/tokyo/A1319/A131905/13118661/,03-3316-4129
家庭料理ちよ,https://tabelog.com/tokyo/A1319/A131904/13078345/,03-5378-1760
肉の新井屋,https://tabelog.com/tokyo/A1319/A131906/13173200/,03-3393-2981
小松庵,https://tabelog.com/tokyo/A1319/A131906/13068041/,03-3392-5234
九千坊,https://tabelog.com/tokyo/A1319/A131903/13054395/,非公開
グラン・パ 東高円寺店,https://tabelog.com/tokyo/A1319/A131904/13099068/,03-5929-3788
サンクス 高円寺中通店,https://tabelog.com/tokyo/A1319/A131904/13203117/,03-3336-1322
１６８（いろは）,https://tabelog.com/tokyo/A1319/A131905/13117410/,03-3330-9168
アングレーズ,https://tabelog.com/tokyo/A1319/A131907/13150651/,03-6913-7366
まいばすけっと 八幡山店,https://tabelog.com/tokyo/A1318/A131809/13204375/,03-5316-3512
こいけ家,https://tabelog.com/tokyo/A1318/A131806/13070245/,03-3334-7301
夢のまた夢,https://tabelog.com/tokyo/A1319/A131905/13034478/,03-3220-3931
ネパーリ チューロ,https://tabelog.com/tokyo/A1318/A131805/13103440/,03-3325-2823
酔いどれ屋 いち,https://tabelog.com/tokyo/A1319/A131904/13139164/,03-3314-7111
石田精肉店,https://tabelog.com/tokyo/A1319/A131904/13103422/,03-3337-7969
明神丸,https://tabelog.com/tokyo/A1319/A131904/13075513/,03-3336-8168
デニーズ 南阿佐谷店,https://tabelog.com/tokyo/A1319/A131905/13094094/,03-3392-0621
ひまわり,https://tabelog.com/tokyo/A1319/A131904/13146325/,03-3330-2055
カプスーラ,https://tabelog.com/tokyo/A1319/A131906/13168900/,03-5335-7620
餃子の王将 荻窪駅西口店,https://tabelog.com/tokyo/A1319/A131906/13132840/,03-3398-8556
彩,https://tabelog.com/tokyo/A1319/A131907/13160449/,03-3399-6563
Sガスト 荻窪北口店,https://tabelog.com/tokyo/A1319/A131906/13130144/,03-5347-0275
MASAKIYA　 荻窪店,https://tabelog.com/tokyo/A1319/A131906/13173220/,070-2616-3201
ソウル物語　 高円寺,https://tabelog.com/tokyo/A1319/A131904/13139361/,03-3311-5313
木突木,https://tabelog.com/tokyo/A1318/A131806/13130999/,03-3333-7224
クロンボ,https://tabelog.com/tokyo/A1319/A131904/13141137/,03-3339-1710
ガンバラネBAR,https://tabelog.com/tokyo/A1319/A131904/13164431/,090-8170-3668
Ds Bar,https://tabelog.com/tokyo/A1319/A131907/13151155/,03-3334-9255
カフェバリチャンプル,https://tabelog.com/tokyo/A1319/A131904/13111224/,03-3314-0320
カラード ライフ コーヒー,https://tabelog.com/tokyo/A1319/A131904/13202858/,不明の為情報お待ちしております
モスバーガー 西荻窪北口店,https://tabelog.com/tokyo/A1319/A131907/13032581/,03-3396-5181
ポワン ドゥ デパー,https://tabelog.com/tokyo/A1319/A131906/13207896/,03-6915-1660
遊bi,https://tabelog.com/tokyo/A1319/A131904/13207372/,03-6362-2428
カフェ ドルチェ,https://tabelog.com/tokyo/A1319/A131906/13045950/,03-3393-4519
カプリッシオ,https://tabelog.com/tokyo/A1319/A131906/13058194/,03-3220-0404
地中海料理 スール,https://tabelog.com/tokyo/A1319/A131905/13201195/,03-6383-1509
てるてる坊主,https://tabelog.com/tokyo/A1319/A131904/13064037/,不明の為情報お待ちしております
清風園,https://tabelog.com/tokyo/A1319/A131907/13140216/,03-3390-1384
ちよだ鮨 西友荻窪店,https://tabelog.com/tokyo/A1319/A131906/13172562/,03-3392-7531
パン製造モモヤ,https://tabelog.com/tokyo/A1319/A131905/13107472/,03-3312-1812
藤和園 遊水,https://tabelog.com/tokyo/A1319/A131904/13132352/,03-3311-0941
高円寺食堂酒場 極楽屋,https://tabelog.com/tokyo/A1319/A131904/13133031/,03-3337-1212
ローソン 南荻窪四丁目店,https://tabelog.com/tokyo/A1319/A131906/13184378/,03-3247-1181
四文屋 阿佐ヶ谷店,https://tabelog.com/tokyo/A1319/A131905/13037236/,03-3223-9030
タチニク,https://tabelog.com/tokyo/A1319/A131905/13177338/,03-6304-9269
日本一 西友西荻窪店,https://tabelog.com/tokyo/A1319/A131907/13170991/,03-5303-7910
伝説の風味焼き ぶたや,https://tabelog.com/tokyo/A1319/A131906/13013586/,03-3392-2450
サンクス 杉並和泉店,https://tabelog.com/tokyo/A1319/A131903/13197257/,03-3316-4666
蘭,https://tabelog.com/tokyo/A1318/A131805/13145491/,03-6383-2983
菊寿司,https://tabelog.com/tokyo/A1319/A131904/13060315/,03-3330-0014
目利きの銀次 西荻窪北口駅前店,https://tabelog.com/tokyo/A1319/A131907/13204123/,03-3390-3088
とよ福,https://tabelog.com/tokyo/A1319/A131903/13095711/,03-3318-5191
フクちゃんラーメン,https://tabelog.com/tokyo/A1319/A131907/13140189/,03-3334-1935
クッペル,https://tabelog.com/tokyo/A1319/A131907/13042026/,03-3399-0889
みつばち,https://tabelog.com/tokyo/A1319/A131906/13076074/,03-3390-8904
CoCo壱番屋 西荻窪駅北口店,https://tabelog.com/tokyo/A1319/A131907/13040479/,03-5303-1630
野武士,https://tabelog.com/tokyo/A1318/A131806/13064475/,03-3331-2856
SU,https://tabelog.com/tokyo/A1319/A131907/13166686/,080-4003-1509
白木屋 阿佐ヶ谷南口駅前店,https://tabelog.com/tokyo/A1319/A131905/13127128/,03-3391-4088
バルタザール ,https://tabelog.com/tokyo/A1319/A131907/13011816/,03-3331-0522
ほうなん酒場　はだか電球,https://tabelog.com/tokyo/A1319/A131903/13127697/,03-5913-9141
Honey,https://tabelog.com/tokyo/A1319/A131906/13048445/,03-5397-8611
博多ラーメン ばりこて,https://tabelog.com/tokyo/A1319/A131904/13009232/,03-5378-0326
TachiMachi,https://tabelog.com/tokyo/A1319/A131905/13157369/,03-3317-7756
松屋 東高円寺店,https://tabelog.com/tokyo/A1319/A131904/13149433/,03-5305-0591
マスオメノス,https://tabelog.com/tokyo/A1319/A131905/13206828/,03-6383-5713
やぶそば,https://tabelog.com/tokyo/A1318/A131805/13067415/,03-3313-5575
Recca,https://tabelog.com/tokyo/A1319/A131905/13149794/,080-4348-7921
千章,https://tabelog.com/tokyo/A1319/A131905/13040877/,03-3339-7663
煮干し中華そば 麺屋 銀星 高円寺,https://tabelog.com/tokyo/A1319/A131904/13191150/,03-6383-1129
jirokichi,https://tabelog.com/tokyo/A1319/A131904/13206757/,03-3339-2727
ガルテン,https://tabelog.com/tokyo/A1318/A131805/13058330/,03-3303-1908
イストゥット,https://tabelog.com/tokyo/A1319/A131906/13138537/,03-3398-3534
旬菜 成海,https://tabelog.com/tokyo/A1319/A131905/13108572/,03-6410-4955
倉式珈琲店 荻窪タウンセブン店,https://tabelog.com/tokyo/A1319/A131906/13207223/,03-5347-9309
びあん香,https://tabelog.com/tokyo/A1319/A131907/13076147/,03-3394-4584
山小家,https://tabelog.com/tokyo/A1318/A131808/13103033/,03-6765-6988
ビストロ　ルーヴル,https://tabelog.com/tokyo/A1318/A131806/13088439/,03-3333-4128
バーハチハチベース,https://tabelog.com/tokyo/A1319/A131907/13194075/,03-4283-2127
Ryoma,https://tabelog.com/tokyo/A1319/A131904/13153589/,03-3317-7776
喫茶室 いぐさの細道,https://tabelog.com/tokyo/A1321/A132105/13201609/,03-5934-8370
ぎょうざの満洲 荻窪南店,https://tabelog.com/tokyo/A1319/A131906/13081592/,03-5347-9227
炭火焼肉じろう,https://tabelog.com/tokyo/A1321/A132105/13160649/,03-3394-0290
ピッツァ ピアッツァ,https://tabelog.com/tokyo/A1318/A131805/13006520/,03-3290-5661
クラフトビアマーケット 高円寺店,https://tabelog.com/tokyo/A1319/A131904/13174182/,03-5356-7982
葡萄房 by ザ キャメル,https://tabelog.com/tokyo/A1319/A131903/13094803/,03-3316-6499
器楽亭,https://tabelog.com/tokyo/A1318/A131806/13050819/,03-3332-2919
酒蔵 駒忠 阿佐ヶ谷店,https://tabelog.com/tokyo/A1319/A131905/13033939/,03-3339-5485
ササユリカフェ,https://tabelog.com/tokyo/A1319/A131907/13176944/,03-6913-7615
心.sin.,https://tabelog.com/tokyo/A1319/A131906/13131894/,03-3391-5200
永福町珈琲焙煎所 青空豆店,https://tabelog.com/tokyo/A1318/A131805/13206705/,03-6323-3958
勝手口 ひまり屋,https://tabelog.com/tokyo/A1319/A131907/13125701/,03-3390-1988
ドエル書房,https://tabelog.com/tokyo/A1318/A131805/13180628/,03-3322-1901
焼肉 京城園,https://tabelog.com/tokyo/A1319/A131906/13055247/,03-3393-1508
尚,https://tabelog.com/tokyo/A1319/A131905/13121167/,03-3318-4018
串鳥 荻窪西口店,https://tabelog.com/tokyo/A1319/A131906/13134182/,03-5347-1194
東京屋,https://tabelog.com/tokyo/A1319/A131904/13155660/,03-3339-6151
伊豆川,https://tabelog.com/tokyo/A1318/A131809/13093649/,03-5317-2169
ガネーシャ・ガル  西荻窪店,https://tabelog.com/tokyo/A1319/A131907/13004342/,03-5382-9441
青天上,https://tabelog.com/tokyo/A1319/A131905/13169696/,03-6383-9099
Dimanche,https://tabelog.com/tokyo/A1319/A131906/13031584/,03-5397-3286
ネグラ(妄想インドカレー),https://tabelog.com/tokyo/A1319/A131904/13200419/,不明の為情報お待ちしております
